username,date,time,tweet,likes,replies,retweets,retweet,hashtags
MassGeneralMDs,2018-07-18,13:21:46,"The David F. Torchiana, MD Fellowship in Health Policy and Management is now accepting applications for a 2-year fellowship. Applications received by September 15, 2018 will receive priority. For more information:  http://ow.ly/fHgQ30l0Rxd¬†",3,0,3,True,
MassGeneralMDs,2018-07-18,12:45:12,"New Discovery by Massachusetts General Hospital May Help Medical Laboratories Preserve Blood for DNA Analysis, Thus Allowing Isolation of CTCs up to 72 Hours after Collection, study co-led by MGH investigators Keith Wong and Shannon Tessier  http://ow.ly/La6P30kSLUm¬†",0,0,0,True,
MassGeneralMDs,2018-07-18,09:30:32,"Five lessons on innovation from Massachusetts General and Brigham and Women's Hospitals, presentation by MGH Healthcare Transformation Lab director Julia Jackson http://ow.ly/MmAX30kSLQx¬†",3,0,2,True,
MassGeneralMDs,2018-07-17,14:45:34,"Testing for Penicillin Allergy May Cut 'Superbug‚Äô Infection Risk, study led by MGH investigator Kimberly Blumenthal  http://ow.ly/G0an30kSLNk¬†",0,0,0,True,
MassGeneralMDs,2018-07-17,12:01:17,"Long-term fiber intake may help preserve bowel control, study led by MGH investigator Kyle Staller http://ow.ly/M5cL30kSLID¬†",0,0,0,True,
MassGeneralMDs,2018-07-17,09:30:25,"Both Quantity and Quality of Sleep in Adolescents Affect Cardiovascular Risk, study led by MGHfC investigator Elsie Taveras http://ow.ly/8K1B30kSLEG¬†",2,0,1,True,
MassGeneralMDs,2018-07-16,15:00:49,"We can‚Äôt ignore the scars of those seeking asylum for domestic abuse and gang violence, article by MGH physicians Allison Bond, Katherine Crabtree and Rashmi Jasrasaria http://ow.ly/vnOW30kSLBU¬†",0,0,1,True,
MassGeneralMDs,2018-07-16,13:01:09,"Here‚Äôs Why Most People Should NOT Eat Gluten-Free, study led by MGH investigator Andrew Chan http://ow.ly/uWaX30kSLye¬†",0,0,0,True,
MassGeneralMDs,2018-07-16,10:01:13,"For Your Patients-Migraine Genetics: New Data Explain the Genetics of Familial Migraine, study led by MGH/Broad Institute investigator Padhraig Gormley http://ow.ly/aB8N30kSLvU¬†",1,0,2,True,
MassGeneralMDs,2018-07-16,08:01:24,Jails and prisons: the unmanned front in the battle against the opioid epidemic ‚Äì article by MGH/McLean addiction psychiatry fellow Brain Barnett http://ow.ly/I7jl30kSLsO¬†,1,0,0,True,
MassGeneralMDs,2018-07-13,14:01:16,"Sancta Maria Nursing Facility kicks off speaker series, presentation by MGH physician Erin Stevens and clinical social worker Susan Rowlett http://ow.ly/JccX30kI5Yj¬†",0,0,0,True,
MassGeneralMDs,2018-07-13,11:01:55,"Poor Sleep Habits in Adolescence Correlated with Cardiovascular Risk, study led by MGHfC physician Elsie Taveras http://ow.ly/8iwW30kI5MW¬†",0,0,0,True,
MassGeneralMDs,2018-07-13,09:01:38,"BCG vaccine can reverse Type 1 diabetes to almost undetectable levels, study led by MGH investigator Denise Faustman http://ow.ly/sxT230kI5xA¬†",1,0,0,True,
MassGeneralMDs,2018-07-13,08:01:20,Folic acid linked to healthy brain development through childhood http://ow.ly/lsLw30kSLqf¬†,1,0,0,True,
MassGeneralMDs,2018-07-12,14:01:20,"End-of-Life Prostate Cancer-Related Complications Characterized, study led by MGH investigator Divya Yerramilli http://ow.ly/Niso30kI5Tl¬†",0,0,0,True,
MassGeneralMDs,2018-07-12,11:01:47,Can this doctor figure out how to stop Alzheimer‚Äôs before it starts? BWH/MGH investigator Reisa Sperling's research with MGH physician Keith Johnson http://ow.ly/ifQd30kI5Is¬†,0,0,2,True,
MassGeneralMDs,2018-07-12,09:01:34,"Century-Old TB Vaccine Shows Promise Against Type 1 Diabetes, study led by MGH investigator Denise Faustman http://ow.ly/nleE30kI5tV¬†",0,0,0,True,
MassGeneralMDs,2018-07-12,08:01:14,Primary Care and the Opioid-Overdose Crisis -- Buprenorphine Myths and Realities ‚Äì NEJM perspective co-authored by MGH physician Sarah Wakeman http://ow.ly/eSYC30kSLly¬†,0,0,0,True,
MassGeneralMDs,2018-07-11,14:01:18,"Ramucirumab Extends Survival for AFP-Elevated HCC in Pooled Analysis, study led by MGH investigator Andrew Zhu http://ow.ly/JbZE30kI5Pd¬†",0,0,0,True,
MassGeneralMDs,2018-07-11,11:01:48,"The Addictive Nature Of JUUL E-Cigarettes, radio segment features MGHfC physician Jonathan Winickoff http://ow.ly/MFer30kI5Ep¬†",1,0,0,True,
MassGeneralMDs,2018-07-11,09:01:35,"TB Vaccine Linked to Better Type 1 Diabetes Control, study led by MGH investigator Denise Faustman  http://ow.ly/nrKB30kI5oB¬†",1,0,0,True,
MassGeneralMDs,2018-07-11,08:01:15,"Seriously, Juice Is Not Healthy. NY Times article co-authored by MGHfC physican Lauren Fiechtner http://ow.ly/f7tw30kSLg6¬†",4,0,2,True,
MassGeneralMDs,2018-07-10,13:01:22,"Psychedelics Are Promising, But Many Psychiatrists Don't Want to Use Them, article by MGH psychiatrist Brian Barnett http://ow.ly/AGu830kI5AN¬†",0,0,0,True,
MassGeneralMDs,2018-07-10,11:01:53,Can a cheap and widely available TB vaccine help diabetics? Study led by MGH investigator Denise Faustman http://ow.ly/uSUa30kI5ls¬†,0,0,0,True,
MassGeneralMDs,2018-07-10,09:01:28,"Mindfulness meditation and relaxation response affect brain differently, study led by MGH investigators Sara Lazar and Gunes Sevinc http://ow.ly/fy7x30kI5gV¬†",9,0,7,True,
MassGeneralMDs,2018-07-10,08:00:40,"Medicine Today: Mom‚Äôs choices can affect child obesity, article by MGH physician Anant Mandawat http://ow.ly/ve6130kSLiY¬†",1,0,0,True,
MassGeneralMDs,2018-07-09,15:00:52,"Family Focus: Study Shows Teenagers Aren't Getting Enough Sleep, study led by MGHfC investigator Elsie Taveras http://ow.ly/Yrz430kI5cx¬†",0,0,0,True,
MassGeneralMDs,2018-07-09,13:01:03,"New study supports long-dismissed idea: Herpes viruses could play role in Alzheimer‚Äôs, study led by MGH investigators Rudolph Tanzi and Robert Moir http://ow.ly/k0Pl30kI59E¬†",3,0,0,True,
MassGeneralMDs,2018-07-09,11:01:46,"New evidence that viruses may play a role in Alzheimer‚Äôs, study led by MGH investigators Rudolph Tanzi and Robert Moir http://ow.ly/CRdQ30kI566¬†",0,0,0,True,
MassGeneralMDs,2018-07-09,09:01:28,"A Common Virus May Play Role in Alzheimer‚Äôs Disease, Study Finds, study led by MGH investigators Rudolph Tanzi and Robert Moir http://ow.ly/gEA730kI53a¬†",3,0,1,True,
MassGeneralMDs,2018-07-06,15:00:53,"'High-calibre paper': Herpes linked to Alzheimer's in two major studies, study led by MGH investigators Rudolph Tanzi and Robert Moir http://ow.ly/cqaf30kI4XI¬†",0,0,0,True,
MassGeneralMDs,2018-07-06,13:01:09,"Herpes Viruses Implicated in Alzheimer‚Äôs Disease, study led by MGH investigators Rudolph Tanzi and Robert Moir http://ow.ly/vTGF30kI4Uf¬†",0,0,0,True,
MassGeneralMDs,2018-07-06,11:02:02,"Psychiatric Disorders May Share A Genetic Link According To A New Massive Study, study led by MGH/MIT investigator Benjamin Neale http://ow.ly/jYOP30kI4KP¬†",0,0,0,True,
MassGeneralMDs,2018-07-06,09:01:30,Massive Genetic Study Finds Many Links Between Various Psychiatric Illnesses ‚Äì study led by MGH/MIT investigator Benjamin Neale http://ow.ly/X4Bv30kI4HI¬†,1,0,0,True,
MassGeneralMDs,2018-07-05,15:00:50,"Study: TB vaccine helps treat Type 1 diabetes, http://ow.ly/8a1B30kI4Cy¬†",0,0,0,True,
MassGeneralMDs,2018-07-05,13:01:08,"Common vaccine can reverse advanced cases of diabetes, study says http://ow.ly/zY8H30kI4yy¬†",0,0,0,True,
MassGeneralMDs,2018-07-05,11:01:53,"Type 1 Diabetes: Tuberculosis Vaccine Could Offer ‚ÄúMajor Advancement‚Äù In Treatment, study led by MGH investigator Denise Faustman http://ow.ly/DXto30kI4rV¬†",2,0,1,True,
MassGeneralMDs,2018-07-05,09:01:27,"Eversense CGM Comes Out on Top for Accuracy in T1D, study led by MGH investigator Rabab Jafri, http://ow.ly/c8PJ30kI4p1¬†",1,0,0,True,
MassGeneralMDs,2018-07-04,15:00:35,"As we think about our country today, we are thankful for the many #MGH MDs who are using their expertise, words, and passion to step forward to advocate for immigrant children and families. Thanks to Matthew Gartland, MD, http://ow.ly/sLsj30kN4DF¬†",3,0,1,True,#MGH
MassGeneralMDs,2018-07-04,14:00:48,"As we think about our country today, we are thankful for the many #MGH MDs and clinicians who are using their expertise, words, and passion to step forward to advocate for immigrant children and families. Thanks to Erin Dunn, ScD, MPH, http://ow.ly/h2NO30kN4AB¬†",8,2,1,True,#MGH
MassGeneralMDs,2018-07-04,13:00:48,"As we think about our country today, we are thankful for the many #MGH MDs who are using their expertise, words, and passion to step forward to advocate for immigrant children and families. Thanks to @drlouiseivers  at @GlobalHealthMGH http://ow.ly/WWVa30kN4vI¬†",5,0,1,True,#MGH
MassGeneralMDs,2018-07-04,12:01:05,"As we think about our country today, we are thankful for the many #MGH MDs who are using their expertise, words, and passion to step forward to advocate for immigrant children and families: Thanks @GeneBeresinMD @ellenbraaten PhD, & Steven Schlozman, MD http://ow.ly/vAFG30kN4oc¬†",7,0,4,True,#MGH
MassGeneralMDs,2018-07-04,11:01:09,"As we think about our country today, we are thankful for the many #MGH MDs who are using their expertise, words, and passion to step forward to advocate for immigrant children and families. Thank you Michael Jellinek, MD http://ow.ly/zHzz30kN4cI¬†",3,0,2,True,#MGH
MassGeneralMDs,2018-07-04,10:05:07,"As we think about our country today, we are thankful for the many #MGH MDs who are using their expertise, words, and passion to step forward to advocate for immigrant children and families. Thank you to Oscar  Benavidez, MD of @mghfc http://ow.ly/dGQx30kN41g¬†",3,0,0,True,#MGH
MassGeneralMDs,2018-07-04,09:05:08,"As we think about our country today, we are thankful for the many #MGH MDs who are using their expertise, words, and passion to step forward to advocate for immigrant children and families. Thank you to Steve Schlozman, MD of the @MGHClayCenter http://ow.ly/WFyB30kN3UK¬†",4,0,4,True,#MGH
MassGeneralMDs,2018-07-04,08:01:45,"As we think about our country today, we are thankful for the many #MGH MDs who are using their expertise, words, and passion to step forward to advocate for immigrant children and families. Thank you to #MGH physician Fiona Danaher, MD for http://ow.ly/bF0y30kN3J2¬†",15,1,3,True,"#MGH,#MGH"
MassGeneralMDs,2018-07-03,15:00:55,"Nitric oxide reduces kidney injury following cardiopulmonary bypass, http://ow.ly/RbdR30kI4iu¬†",0,0,0,True,
MassGeneralMDs,2018-07-03,13:01:21,"Study finds common vaccine could reverse advanced cases of diabetes, video report features study led by MGH investigator Denise Faustman http://ow.ly/8aPY30kI4eC¬†",2,0,2,True,
MassGeneralMDs,2018-07-03,11:01:58,"America Can‚Äôt Incarcerate Away Our Mental Health Crisis, by MGH/McLean addiction psychiatry fellow Brain Barnett, http://ow.ly/5AKm30kI4al¬†",3,0,2,True,
MassGeneralMDs,2018-07-03,09:01:30,"CommonHealth: New Study Explores Genetic Overlap Among Mental Illnesses, study co-led by MGH investigators Benjamin Neale and Jordan Smoller http://ow.ly/HmHT30kI45v¬†",8,0,6,True,
MassGeneralMDs,2018-07-02,15:00:44,"Each Sunburn You Get Increases Your Risk Of Skin Cancer By This Percentage, MGH physician Sarina Elmariah http://ow.ly/6xUt30kI41N¬†",1,0,1,True,
MassGeneralMDs,2018-07-02,13:00:58,"In Cancer Patients, PTSD May Increase Symptom Burden, study led by MGH investigator Ryan Nipp http://ow.ly/SVhe30kI3WW¬†",1,0,3,True,
MassGeneralMDs,2018-07-02,11:01:27,"Epilepsy Patients Train Rescue Dogs, http://ow.ly/EHv230kI3U8¬†",1,0,0,True,
MassGeneralMDs,2018-07-02,09:01:15,She Was Ordered To Stay Drug-Free While On Probation. Is It Constitutional? Features MGH psychologist John Kelly http://ow.ly/6orZ30kI3Rp¬†,0,0,0,True,
NEJM,2018-07-01,08:20:00,"Female physicians have been vocal on social media about many aspects of their professional lives, including work‚Äìlife balance. Read the Perspective article, ""Social Media and Advancement of Women Physicians,"" by @SashaShillcutt & @JulieSilverMD:",527,11,320,True,
MassGeneralMDs,2018-06-29,14:40:05,"Black Americans twice as likely to have 2nd intracerebral hemorrhage, http://ow.ly/Hbqx30kAxXz¬†",1,0,1,True,
MassGeneralMDs,2018-06-29,11:01:42,"Great work Scott Plotkin, MD, director of the Neurofibromatosis Clinic, who received the Neuro-Oncology Scientific Award from the American Academy of Neurology.",1,0,0,True,
MassGeneralMDs,2018-06-29,09:01:31,"Sugar Nanoparticles Reprogram Immune Cells to Help Destroy Tumors, study led by MGH investigator Ralph Weissleder http://ow.ly/PpXN30kAxTA¬†",0,0,0,True,
MassGeneralMDs,2018-06-29,01:00:21,"Proud to hear our chief medical officer Marcela del Carmen, MD tell how her escape from Nicaragua inspired her career reducing disparities in cancer care. Subscribe to Charged, the MGH podcast showcasing women innovating in health care. @MassGeneralNews  http://ow.ly/IMG830kG73I¬† pic.twitter.com/Dt0cDI0QPl",3,0,2,True,
MassGeneralMDs,2018-06-28,18:00:33,"Proud to hear our chief medical officer Marcela del Carmen, MD tell how her escape from Nicaragua inspired her career reducing disparities in cancer care. Subscribe to Charged, the MGH podcast showcasing women innovating in health care. @MassGeneralNews  http://ow.ly/IMG830kG73I¬† pic.twitter.com/KO6HeewYNp",12,0,4,True,
MassGeneralMDs,2018-06-28,14:25:04,"The Digital Sex Lives of Young Gay Teenagers, article by MGH/McLean resident Jack Turban http://ow.ly/fGw430kAxQ7¬†",0,0,0,True,
MassGeneralNews,2018-06-27,08:34:42,"On the latest episode of #MGH's Charged podcast: Dr. Marcella Del Carmen. From fleeing Nicaragua at age 10, to CMO of @MassGeneralMDs  http://bit.ly/2tIEZP7¬† pic.twitter.com/XPqch0Tj2U",6,0,5,True,#MGH
MassGeneralMDs,2018-06-28,11:01:52,"Proud of Lisa Nachtigall, MD, who has received the Gilbert H. Daniel‚Äôs Teaching Award for Excellence in Teaching for her work at the Endocrine and Neuroendocrine Consult services and in clinic at the Neuroendocrine and Pituitary Tumor Clinical Center.",1,0,1,True,
MassGeneralMDs,2018-06-28,09:35:07,"GET A GRIP! : How Graphic Medicine is changing the landscape of medical care, http://ow.ly/UnlI30kAxLh¬†",2,0,1,True,
MassGeneralMDs,2018-06-27,14:35:05,"Automated System Identifies Ventilated Patients at Risk, study led by MGH investigators Erica Shenoy and Brandon Westover http://ow.ly/7pMc30kAxJA¬†",4,0,1,True,
MassGeneralMDs,2018-06-27,11:01:53,"@MassEyeAndEar Congrats Joan Miller, MD, who has received the Lucien Howe Medal from the American Ophthalmological Society for her distinguished service to the fields of retina and ophthalmology. @MassEyeandEar @AmJOphthalmol",2,0,0,True,
MassGeneralMDs,2018-06-27,09:35:05,"No Additional Benefits in Vaginal Estradiol Tablets, Moisturizers for Postmenopausal Vulvovaginal Symptoms, study led by MGH investigator Caroline Mitchell http://ow.ly/IndB30kAxGU¬†",1,0,0,True,
MassGeneralMDs,2018-06-27,08:01:26,"Great work Carey York-Best, MD, who received the Society for Academic Specialists in General Obstetrics and Gynecology 2018 Faculty Award for excellence in clinical care of women, mentorship of academic specialists, and research in general obstetrics and gynecology. @SASGOG pic.twitter.com/57aY9GVKPt",3,0,0,True,
MassGeneralMDs,2018-06-27,06:00:41,"Proud to hear our chief medical officer Marcela del Carmen, MD tell how her escape from Nicaragua inspired her career reducing disparities in cancer care. Subscribe to Charged, the MGH podcast showcasing women innovating in health care. @MassGeneralNews  http://ow.ly/IMG830kG73I¬† pic.twitter.com/yXh8MN5iQs",12,0,4,True,
MassGeneralMDs,2018-06-26,14:35:06,Teens' lack of sleep tied to high blood pressure & more body fat http://ow.ly/xRzB30kAxEH¬†,0,0,0,True,
MassGeneralMDs,2018-06-26,11:01:46,"Proud of Marcos Vidal Melo, MD, who has been named a Corresponding Member of the German Society of Anesthesiology and Intensive Care Medicine.",3,0,0,True,
MassGeneralMDs,2018-06-26,09:30:24,"It‚Äôs not ‚Äòall in your head‚Äô: When other doctors give up on patients, a boundary-breaking neurologist treats them. Profile of MGH physician Alice Flaherty http://ow.ly/Ep9C30kAxv7¬†",3,0,2,True,
MassGeneralMDs,2018-06-26,08:01:12,"Proud of Trevin Lau, MD, who received the Outstanding Faculty Mentor Award at the Harvard Medical School graduation on May 24. @harvardmed pic.twitter.com/GCoWL35XY5",6,0,2,True,
MassGeneralMDs,2018-06-25,14:01:09,"Congrats Joseph Vacanti, MD, chief of Pediatric Surgery emeritus, who has been elected president of the American Pediatric Surgical Association and an Honorary Member of the European Pediatric Surgeons Association.",3,0,1,True,
MassGeneralMDs,2018-06-25,11:01:44,"Proud of Beverly Moy, MD, who was featured in The ASCO Post special annual edition of Narratives in Oncology, profiling 12 leaders in cancer care and research. Education Came First for Breast Cancer Expert Beverly Moy, MD, MPH, Daughter of Chinese Immigrants @BeverlyMoy @ASCOPost",3,0,1,True,
MassGeneralMDs,2018-06-25,09:35:08,"Uncontrolled Asthma Linked to Miscounting Inhaler Doses, study led by MGH investigator Kohei Hasegawa http://ow.ly/9upb30kAxzX¬†",8,0,3,True,
MassGeneralMDs,2018-06-25,08:01:12,"Congrats to Alexander Tsai, MD, and team for the new @TheLancet paper: police killings of unarmed black Americans have population mental health consequences #blacklivesmatter @drdrtsai @BLM_Boston @MGHPsychiatry  http://ow.ly/HjY030kCvkk¬†",1,0,0,True,#blacklivesmatter
MassGeneralMDs,2018-06-22,14:01:05,"Good work Jesse Jupiter, MD, from orthop√¶dic surgery, who received the Albert Nelson Marquis Lifetime Achievement Award from Marquis Who‚Äôs Who for 2017-2018 and has been named a corresponding international member of the Academy of Medical Science of the Republic of Argentina.",2,0,0,True,
MassGeneralMDs,2018-06-22,11:01:32,"Proud of Steven Grinspoon, MD, who received an Albert Nelson Lifetime Achievement Award from the Marquis Who‚Äôs Who for his contributions to the understanding and treatment of metabolic changes associated with HIV disease. @SteveGrinspoon",5,0,0,True,
MassGeneralMDs,2018-06-22,09:35:04,Dr. Wirth on the Use of Lenvatinib in Hypertensive Patients With Thyroid Cancer http://ow.ly/xPdx30kAxC8¬†,1,0,0,True,
MassGeneralMDs,2018-06-22,07:45:04,MGH study finds generic drug can reverse type 1 diabetes long-term @FaustmanLab http://ow.ly/xkIz30kCkd5¬†,1,0,0,True,
MassGeneralMDs,2018-06-21,14:01:05,"Congrats Joshua Hirsch, MD, who has been elected vice president of the American Society of Neuroradiology for the 2018-2019 term and from there will ascent to the position of president. @JoshuaAHirsch @TheAJNR",30,0,9,True,
MassGeneralMDs,2018-06-21,11:01:34,"Great work Areej El-Jawahri, MD; Sophia Kamran, MD; and Zosia Piotrowska, MD, from the Cancer Center, who have been named 40 Under 40 in Cancer Rising Stars and Emerging Leaders for 2018. @MGHCancerCenter @Areejmd @sophia_kamran @ZPiotrowskaMD",12,0,6,True,
MassGeneralMDs,2018-06-21,09:00:53,"Dr. Flaherty Discusses the COLUMBUS Trial in Melanoma, interview with MGH physician Keith Flaherty http://ow.ly/aLgl30kAy33¬†",0,0,0,True,
MassGeneralMDs,2018-06-20,15:30:08,"Dr. Abramson Discusses TRANSCEND in Relapsed/Refractory B-Cell Lymphomas, http://ow.ly/e5oR30kAy4Q¬†",2,0,2,True,
MassGeneralMDs,2018-06-20,13:01:14,Congrats #MGH Lunder 9 Oncology: achieved all focus indicator targets & rec'd most improved on focus indicators & being above 50th percentile nationally for staff responsiveness at patient experience awards ceremony #MGHPatientExperience @MGHCancerCenter @ilennes @Debbie_BurkeRN pic.twitter.com/eehfxKRlWa,1,0,0,True,"#MGH,#MGHPatientExperience"
MassGeneralMDs,2018-06-20,11:02:02,"Congrats Charles Swanton, MD, who was honored with the 2018 Jonathan Kraft Prize for Excellence in Cancer Research for his outstanding contributions to molecular biology and cancer research.",0,0,0,True,
MassGeneralMDs,2018-06-20,09:01:37,Great work @MassGeneralEM for receiving 2 awards at the patient experience awards ceremony: keeping patients updated and keeping families informed #MGHPatientExperience @ilennes @davidfmbrown pic.twitter.com/b6TIqinqqk,4,0,2,True,#MGHPatientExperience
MassGeneralMDs,2018-06-19,13:01:18,Proud of the #MGH Pathology Outpatient Phlebotomy Service Project team for receiving a team award at the patient experience awards ceremony #MGHPatientExperience @MGHPathology @ilennes @Debbie_BurkeRN pic.twitter.com/irs6OkRsQC,1,0,1,True,"#MGH,#MGHPatientExperience"
MassGeneralNews,2018-06-19,08:55:13,"On #MGH's Charged podcast, @DrSarahWakeman on how she works to change public perception of addiction:  http://bit.ly/2lkxHNG¬† pic.twitter.com/nfRpVt5450",34,1,25,True,#MGH
MassGeneralMDs,2018-06-19,11:01:52,"Congrats to MGHers who received 2018 Global Health Service Awards: Matt Tobey, MD, for work on MGH Rural Health Leadership Fellowship; Jessica Haberer, MD, for mentoring investigators from US and Africa; and Ingrid Bassett, MD, for research on HIV care continuum. @GlobalHealthMGH",1,0,1,True,
MassGeneralMDs,2018-06-19,11:01:31,"Great work Alice Shaw, MD, who was featured in The ASCO Post special annual edition of Narratives in Oncology, profiling 12 leaders in cancer care & research. Valued Mentors & a Link Between Science and Medicine Paved the Road to Oncology for Alice Tsang Shaw, MD, PhD @ASCOPost",3,0,0,True,
MassGeneralMDs,2018-06-19,10:01:17,"Congrats Thomas Lawton, project manager from #MGH Travel &Immunization Clinic, for receiving an individual award at the patient experience awards ceremony #MGHPatientExperience @MGHMedicine @katrinarmstrong @ilennes @Debbie_BurkeRN pic.twitter.com/Y4lRoq1BHE",3,0,0,True,"#MGH,#MGHPatientExperience"
MassGeneralMDs,2018-06-19,09:01:28,"ASCO 2018 Highlights: Melanoma Studies,  http://ow.ly/eXph30kpaEf¬†",0,0,0,True,
MassGeneralMDs,2018-06-18,16:00:41,"Terrific work Nicole Fugere, RN, from the MGH Cancer Center Infusion Center, for receiving an individual award at the patient experience awards ceremony #MGHPatientExperience @MGHCancerCenter @ilennes @Debbie_BurkeRN pic.twitter.com/zNark3ENn0",3,0,2,True,#MGHPatientExperience
MassGeneralMDs,2018-06-18,14:15:23,"Congrats Laura Avery, MD, who received the Excellence in Clinical Instruction in Radiology award from the Harvard Medical School for her work in educating the next generation of radiology health specialists. @harvardmed",24,2,2,True,
MassGeneralMDs,2018-06-18,13:01:06,Top 50 NIH-Funded Institutions of 2018 http://ow.ly/jQ9h30kpaz3¬†,5,0,2,True,
MassGeneralMDs,2018-06-18,11:01:33,"Great work @MarcSucciMD & @F_Fintelmann_MD, for Partners Healthcare Innovator Award for invention of a novel 3D-printed medical device that aims to improve percutaneous procedures by helping steer and stabilize probes.   @PHSInnovation",4,0,3,True,
MassGeneralMDs,2018-06-18,10:01:07,"So proud of Radiology North Shore Center for Outpatient Care and their Erin Kistler, for receiving a leadership award at the patient experience awards ceremony #MGHPatientExperience @northshoremed @JimBrinkMD @MGHImaging @ilennes @Debbie_BurkeRN pic.twitter.com/DLkMIjgLmi",4,1,1,True,#MGHPatientExperience
MassGeneralMDs,2018-06-18,09:01:18,"ASCO 2018: Association of MFS & OS in non-metastatic CRPC, presentation by MGH investigator Matthew Smith  http://ow.ly/x7JV30ksDHs¬†",0,0,0,True,
MassGeneralMDs,2018-06-15,16:00:41,"Discussing the cost burden of cancer with pPatients, presentation by MGH investigator Ryan Nipp http://ow.ly/bG8F30ksDE2¬†",1,0,0,True,
NEJM,2018-06-15,11:30:40,Medicine and Society: #SocialMedia and Advancement of Women Physicians  https://nej.md/2LLvoyp¬† by @SashaShillcutt & @JulieSilverMD #WomenInMedicine pic.twitter.com/VBlGvGhefu,283,6,181,True,"#SocialMedia,#WomenInMedicine"
MassGeneralMDs,2018-06-15,13:01:03,"Don't forget to subscribe to Charged, the MGH podcast that amplifies the female voice within health care and showcases the women behind the most significant innovations in health care today. @MassGeneralNews (IOS & Android)  http://ow.ly/6Asj30krXqw¬† pic.twitter.com/gdoQ59ydlW",4,0,3,True,
MassGeneralMDs,2018-06-15,11:01:38,"Congrats Jerry Rosenbaum, MD, chief of Psychiatry, who received the Ellis Island Medal of Honor, given to those who have a mission of sharing their wealth of knowledge with those less fortunate. @MGHPsychiatry",3,0,0,True,
MassGeneralMDs,2018-06-15,10:01:00,Proud of #MGH Voice Center for receiving the most improved on focus indicators and being above the 50th percentile nationally for informed wait times at the patient experience awards ceremony #MGHPatientExperience @MGHSurgery @ilennes pic.twitter.com/r1F0W6eQqm,6,0,0,True,"#MGH,#MGHPatientExperience"
MassGeneralMDs,2018-06-15,09:01:29,A new cancer care dilemma: Patients want immunotherapy even when evidence is lacking http://ow.ly/QBti30kpawh¬†,0,0,0,True,
MassGeneralMDs,2018-06-14,16:00:39,"Disparities for risk of recurrent hemorrhagic stroke ,nexplained, study features data from the MGH http://ow.ly/HX0B30ksDAN¬†",0,0,0,True,
MassGeneralMDs,2018-06-14,13:01:14,"Virtual hypertension visits offer convenience for clinicians, without compromising care, study led by MGH investigator Ronald Dixon http://ow.ly/1zUI30kpatJ¬†",0,0,0,True,
MassGeneralMDs,2018-06-14,11:01:37,"During the Jonathan Kraft Symposium, MGHers Aaron Hata, MD, Zofia Piotrowska, MD, and Kerry Reynolds, MD, were presented with the 2018 Jonathan Kraft Team Science Awards. Teams are pursuing research in cancer immunotherapy.",0,0,0,True,
MassGeneralMDs,2018-06-14,10:01:11,Congrats #MGH Infectious Disease for receiving the most improved on focus indicators and being above the 50th percentile nationally for informed wait times at the patient experience awards ceremony #MGHPatientExperience @MGHMedicine @katrinarmstrong @ilennes pic.twitter.com/bxXzvULr51,1,0,0,True,"#MGH,#MGHPatientExperience"
MassGeneralMDs,2018-06-14,09:01:01,"Blacks, Hispanics suffer second bleeding strokes more often, study led by MGH investigator Alessandro Biffi  http://ow.ly/kLLd30ksDwp¬†",1,0,1,True,
MassGeneralMDs,2018-06-13,13:00:47,"June 6 was a great night at the Russell Museum for #MGH physicians to catch up with colleagues from Dermatology, OB/GYN, @mghfc  Pediatric Surgical Services, Pediatrics, & Psychiatry. Next group of depts will be invited July 19. Hope to see you there! @jasonwasfy @obdocriley pic.twitter.com/jdj8mVL3sn",1,0,0,True,#MGH
MassGeneralMDs,2018-06-13,11:01:44,"Proud of Farrah Mateen, MD, who received 2018 Global Observatory eHealth Award from Pierre Fabre Foundation for work on Guinea Epilepsy Project. Awards help develop eHealth initiatives that improve access to quality care for most disadvantaged populations. @FarrahMateen @MGH_GHHR",1,0,1,True,
MassGeneralMDs,2018-06-13,10:01:10,Great work #MGH Movement Disorders for receiving the most improved on focus indicators and being above the 50th percentile nationally for providers who know medical history at the patient experience awards ceremony #MGHPatientExperience @MGHNeurology @MeritCudkowicz @ilennes pic.twitter.com/pa7mTESPph,0,0,0,True,"#MGH,#MGHPatientExperience"
MassGeneralMDs,2018-06-13,09:01:28,"NIH Precision Medicine Clinical Trial Releases New Findings of NIH study co-chaired by MGH investigator Keith Flaherty, http://ow.ly/kvtz30kpasy¬†",3,0,3,True,
MassGeneralMDs,2018-06-13,08:01:18,"Charged, MGH's new podcast that amplifies the female voice within the health care conversation and showcases the women behind the most significant innovations in health care today. @MassGeneralNews Subscribe today! IOS & Android,  http://ow.ly/RaDZ30krXdH¬† pic.twitter.com/X0DzgeF3C6",6,0,1,True,
MassGeneralMDs,2018-06-12,15:30:13,"June 6 was a beautiful night at the Russell Museum for #MGH physicians to catch up with colleagues from Dermatology, OB/GYN, @mghfc Pediatric Surgical Services, Pediatrics, & Psychiatry. Next group of depts will be invited July 19. Hope to see you there! @jasonwasfy @obdocriley pic.twitter.com/4qytVbjdQy",3,0,0,True,#MGH
MassGeneralMDs,2018-06-12,13:01:17,"Mass General, Brigham and Women's to apply deep learning to medical records and images http://ow.ly/VBaw30kpamr¬†",3,0,2,True,
MassGeneralMDs,2018-06-12,12:07:23,"Congrats #MGH Orthopaedic Pediatrics for being awarded the most improved on focus indicators and being above the 50th percentile nationally for providers who know medical history, at the patient experience awards ceremony #MGHPatientExperience @mghfc @ilennes pic.twitter.com/CvaV3tqUi7",5,0,0,True,"#MGH,#MGHPatientExperience"
MassGeneralMDs,2018-06-12,11:01:33,"Great work Adam Feldman, MD, who was awarded a blue ribbon for best poster at the American Urological Association 2018 Annual Meeting for his research, ‚ÄúMetabolic Evaluation of MRI/US Fusion Biopsies Differentiates Malignant from Benign.‚Äù",1,0,0,True,
DrSinhaEsq,2018-06-11,15:15:01,"Passed: @AmerMedicalAssn resolution, ""Advancing Gender Equity in Medicine""Language below. #AMAmtg #MembersMoveMedicine #AMAHOD #AMAzing #WomenInMedicine #HeforShe Huge help from co-author @JulieSilverMD, colleagues @Cardiology @AmCollegeGastro @meridity1 & @DrKathyHughes pic.twitter.com/I3gozeE8U5",227,8,122,True,"#AMAmtg,#MembersMoveMedicine,#AMAHOD,#AMAzing,#WomenInMedicine,#HeforShe"
MassGeneralMDs,2018-06-11,11:01:24,"Congrats Paul Cusick, MD, head internal medicine MD for the New England Patriots, who was elected to the National Football Physician's Society Executive Board for a two-year term at the annual meeting in Indianapolis in March 2018.",6,0,2,True,
MassGeneralMDs,2018-06-11,09:01:00,"Taking The Training Wheels Off For Doctors In Training, American Council on Science and Health  http://ow.ly/EXSu30kpaj6¬†",3,0,1,True,
MassGeneralMDs,2018-06-08,13:00:31,What You Need to Know About a SCAD Heart Attack ‚Äì NBC 10 Bostonvideo report features MGH patient & MGH physician Malissa Wood http://ow.ly/UBld30kpagY¬†,2,0,0,True,
MassGeneralMDs,2018-06-08,11:01:46,"Proud of Lynn Black, MD, who received the 2018 Henry Ingersoll Bowditch Award for Excellence in Public Health from the Massachusetts Medical Society for leadership  in health projects involving disaster response, refugee health & maternal-child health. @MassMedical",1,0,1,True,
MassGeneralMDs,2018-06-08,10:20:43,"Great work by Gerald Austen, MD, who received the Albert Nelson Marquis Lifetime Achievement Award from Marquis Who‚Äôs Who for 2017-2018 for biographees who have demonstrated leadership, excellence and longevity within their professions.",4,0,0,True,
MassGeneralMDs,2018-06-07,11:01:29,"Great work Wendy Mac√≠as-Konstantopoulos, MD, for app as inaugural incumbent of MGH Endowed Scholar for Leadership in Emergency Medicine, helping provide critical support for emergency care, disaster relief & disaster preparedness benefiting victims worldwide. @WMaciasK",6,0,2,True,
MassGeneralMDs,2018-06-06,12:29:55,#MGH Neurologist Kathleen McKee MD & anesthesiologist Wilton Levine MD talk about using spray for better cleaning surgical instruments after a procedure. @MGHSurgery https://youtu.be/TFTFo1oYHOI¬†,2,0,1,True,#MGH
MassGeneralMDs,2018-06-06,11:01:03,"Congrats Paul Biddinger, MD, for appointment as inaugural incumbent of MGH Endowed Chair in Emergency Preparedness, helping provide critical support for emergency care, disaster relief & disaster preparedness training at the hospital, that benefit victims worldwide. @PBiddinger",5,0,2,True,
MassGeneralMDs,2018-06-05,14:01:07,"A Harvard Psychiatrist's Plea To CVS: Please, Please Change Your Hold Music. ‚Äì WBUR/CommonHealth article by MGH psychiatrist Steven Schlozman @SSchlozman http://ow.ly/mi3N30keBJX¬†",5,0,2,True,
MassGeneralMDs,2018-06-04,14:01:04,"For Hypertension Patients, Virtual Visits Might Be as Effective as In-Person Care, coverage of MGH/BWH study co-authored by MGH investigator @drronalddixon http://ow.ly/gQqU30keBGD¬†",6,0,4,True,
MassGeneralMDs,2018-06-04,11:01:31,Let‚Äôs talk about how to help change challenging behavior. Explore the latest resource on #CollaborativeProblemSolving by Founder and Director of @ThinkKids Dr. Stuart Ablon @MGHPsychiatry available at  http://www.changeable.life¬† pic.twitter.com/o9iQd0VCep,6,0,5,True,#CollaborativeProblemSolving
MassGeneralMDs,2018-06-01,14:01:06,"Unlocking the Brain's Memory Retrieval System, NIH Director's Blogcoverage of study led by MGH investigator Amar Sahay. http://ow.ly/ePzP30keBtM¬†",1,0,2,True,
MSA_Malawi,2018-05-31,06:19:53,"""Those that help, also need help""üë©üèæ‚Äç‚öïüë®üèæ‚Äç‚öïüë©üèª‚Äç‚öïüë®üèª‚Äç‚öïüë©üèΩ‚Äç‚öïüë®üèΩ‚Äç‚öïüë©üèº‚Äç‚öïüë®üèº‚Äç‚öïLet's all join together in  #CrazySocks4Docs to raise awareness and help break the stigma around mental health among medical personnel in 3 ü§üüèæ easy steps pic.twitter.com/eqMVhlIPrP",291,6,241,True,#CrazySocks4Docs
MassGeneralMDs,2018-06-01,13:25:20,Great conversation starter https://twitter.com/MGHMedicine/status/1002608237131259904¬†‚Ä¶,3,0,3,True,
MassGeneralMDs,2018-06-01,11:01:44,"Boston hospitals stay prepared for tragedy, MGH emergency preparedness physician @PBiddinger http://ow.ly/jmem30kanP0¬†",0,0,0,True,
ArthurSiegel,2018-05-31,13:59:56,@MassGeneralMDs   Pre-race aspirin usage is prudent to prevent death and cardiac arrest in middle-aged males during triathlons. (Ann Int Med.2018;168(10):752-753),2,0,2,True,
MassGeneralMDs,2018-05-31,14:01:02,"Angelman Patients‚Äô Seizures Are Dynamic, May Change with Age, Study Finds, study co-authored by MGH investigator Ronald Thibert. http://ow.ly/YlMK30keBpe¬†",0,0,0,True,
MassGeneralMDs,2018-05-31,11:01:33,Mass General system finds patients at risk for ventilator-associated pneumonia ‚Äì Health Data Management coverage of study co-led by MGH investigators Brandon Westover and @ericashenoy http://ow.ly/hmKF30kanZ1¬†,1,0,1,True,
james_hillis,2018-05-30,20:43:00,"#Socks4Docs is happening this Friday June 1. Looking forward to seeing all of my colleagues' crazy socks and saying ""How are you?""! Health professionals need to put on their own oxygen masks first. @BrighamWomens @MassGeneralMDs @MassGeneralNews @AANMember @NeurologyToday pic.twitter.com/qe5m6OeOoZ",24,1,15,True,#Socks4Docs
MassGeneralMDs,2018-05-30,14:01:01,How Mass General is dealing with the worst opioid shortage in years: 7 things to know. @MassGeneralNews  http://ow.ly/Gcdu30keBfs¬†,2,0,1,True,
MassGeneralMDs,2018-05-30,11:01:28,"Medically Engineered Solutions in Health Care: A Technology Incubator and Design-Thinking Curriculum for Radiology Trainees. @MarcSucciMD, @JimBrinkMD & @meshincubator http://ow.ly/UJtn30ke7UT¬†",3,0,2,True,
MassGeneralMDs,2018-05-29,14:00:17,"How Mass General is using an automated system to identify patients at risk for pneumonia, study co-led by MGH investigator Brandon Westover. @MassGeneralNews  http://ow.ly/koOu30keAYw¬†",2,0,1,True,
MassGeneralMDs,2018-05-29,11:01:30,"Reminder: June 1 join #Socks4Docs, int'l awareness day for clinicians‚Äô well-being. Clinicians wear bright socks to start talking and ask ‚ÄúHow are you?‚Äù; help spot mental health issues & burnout that affect many health professionals.",9,0,3,True,#Socks4Docs
MassGeneralMDs,2018-05-28,14:00:50,An opioid shortage? It‚Äôs real and could harm cancer patients ‚Äì STATarticle written by Mass General physician Tara Soumerai @MassGeneralNews http://ow.ly/C7hW30kanHA¬†,7,0,6,True,
MassGeneralMDs,2018-05-28,11:01:20,"Bio-IT World Announces 2018 Best Practices Awards Winners, MGH‚Äôs Personalized and Translational Medicine award @MassGeneralNews  http://ow.ly/2INW30kanzf¬†",2,0,0,True,
MassGeneralMDs,2018-05-25,14:01:06,Is Shock Therapy Being Underutilized in Treating Depression? @MGHPsychiatry @DrJerrold http://ow.ly/tLdB30kans0¬†,0,0,0,True,
MassGeneralMDs,2018-05-25,11:01:23,"As Overdoses Climb, Emergency Departments Begin Treating Opioid Use Disorder ‚Äì JAMA article features MGH #GetWaivered program and Bridge Clinic, quotes MGH physician @AliRaja_MD  http://ow.ly/YDzY30kanje¬†",32,1,19,True,#GetWaivered
MassGeneralMDs,2018-05-24,14:00:18,New #MGH research published in #JMIR on using #SoMe and other digital platforms to engage our communit in healthy screening behaviors. @MGHImaging @DaniaDaye @McKGloverMD @EJFloresMD #lungcancer: http://bit.ly/2HkCmt6¬†,6,0,5,True,"#MGH,#JMIR,#SoMe,#lungcancer"
MassGeneralMDs,2018-05-24,12:20:04,"MGH cardiologists @jasonwasfy MD & Rory Weiner MD, discuss an improved model of care for cardiology patients in the hospital. https://youtu.be/jagIKnR84S0¬†",11,0,2,True,
JoshuaAHirsch,2018-05-22,09:17:43,My boss @JimBrinkMD @MGHImaging receiving the presidential #award pin and handing over the #gavel 2 @DrGMcGinty. Gr8 moment üôå @RadiologyACR #ACR2018 #Radiology @MassGeneralMDs @MassGeneralNews pic.twitter.com/oJlvQkSO5l,36,1,11,True,"#award,#gavel,#ACR2018,#Radiology"
MassGeneralMDs,2018-05-22,11:01:53,"Great work Andrew Nierenberg, MD, who received a Patient-Centered Outcomes Research Institute (PCORI) award for his project, ‚ÄúComparative Effectiveness of Pharmacogenomics for Treatment of Depression (CEPIO-D).‚Äù @PCORnetwork",6,0,0,True,
MassGeneralMDs,2018-05-21,11:01:47,"Congrats Joan Miller, MD, for being the 1st woman to receive the Charles L. Schepens, MD /American Academy of Ophthalmology Award. She also received the Gertrude D. Pyron Award of the Retina Research Foundation. @aao_ophth",5,0,1,True,
mghneurosurg,2018-05-21,09:20:45,"Brian Nahed, M.D. and Jorg Dietrich, M.D., Ph.D. recently did a pod cast on low grade gliomas and advances in surgical and medical therapy. @BrianNahed #GBM Please check out the link below: http://brainwaves.me/gliomas/¬†",13,0,4,True,#GBM
MassGeneralMDs,2018-05-17,11:01:48,"Proud of Julie Ingelfinger, MD, who received a lifetime achievement award from her alma mater, Albert Einstein College of Medicine, for making major contributions to the health and welfare of underserved communities in Pediatrics. @EinsteinMed @ingelfinger",2,0,0,True,
MassGeneralMDs,2018-05-16,11:01:31,"Great work Eric Krakauer, MD, who was chosen for a 2018-2019 Fulbright U.S. Scholar Award and will use it to assist the University of Medicine & Pharmacy at Ho Chi Minh City to establish 1 of the 1st academic departments of palliative care in the developing world.",4,0,1,True,
MassGeneralMDs,2018-05-16,09:01:11,"Association of academic psychiatrists women‚Äôs task force works to address areas of underrepresentation and take action. Work by Julie Silver, MD, and other MGH MDs. @JulieSilverMD  http://ow.ly/iAoe30jZA87¬†",1,0,0,True,
MassGeneralMDs,2018-05-15,16:00:42,"Congrats Laura Kehoe, MD, who received a 2018 Dean‚Äôs Community Service Award from HMS for her work with ‚Äú http://W.A.T.E.R.town¬†~ Watertown Access to Education Resources and Treatment.‚Äù @harvardmed",9,0,2,True,
MassGeneralMDs,2018-05-15,11:01:50,"June 1 join #Socks4Docs, an int'l awareness day for clinicians‚Äô well-being. Clinicians wear bright socks to start talking and ask ‚ÄúHow are you?‚Äù; help spot mental health issues and burnout that affect many health professionals.",23,1,15,True,#Socks4Docs
MassGeneralMDs,2018-05-15,09:01:31,"Renee Salas, MD @ReneeNSalas_MD,  Jonathan Slutzman, MD @SlutzmanMD and Stuart Harris, MD present Climate Change and Health: Implications for Practice, Teaching, Research, and Advocacy in Emergency Medicine on May 15 from 1 - 5pm at #SAEM18 @SAEMonline  http://ow.ly/aLxo30jFwNM¬†",5,0,2,True,#SAEM18
MassGeneralMDs,2018-05-14,12:34:30,Read about the underrepresentation of women MDs among recognition award recipients from medical specialty societies. Work by @JuliSilverMD and other MGH MDs. @PMRJournal http://ow.ly/XcT730jZA5p¬†,3,0,1,True,
MassGeneralMDs,2018-05-14,11:01:36,"Proud of Daniel Haber, MD, who was elected to the National Academy of Sciences for continuing achievements in original research. @theNASciences",10,0,4,True,
MassGeneralMDs,2018-05-11,15:14:54,MGH docs found that blood cultures and imaging are overused in patients presenting with presumed cellulitis despite current guidelines recommending against their clinical use. @JAMAInternalMed  http://ow.ly/BFzX30jXnST¬†,6,0,5,True,
MassGeneralMDs,2018-05-11,11:01:17,"Congrats Curtis Cetrulo, Jr., MD, Dicken Ko, MD & patient for 2018 Men‚Äôs Health Award from Massachusetts Med Society for genitourinary vascularized composite allograft transplant, first penile transplant in the nation. @MassMedical @CurtisCetrulo @dickenko  http://ow.ly/DHey30jWbeZ¬†",5,0,0,True,
MassGeneralMDs,2018-05-10,16:00:12,"Great work M. Amin Arnaout, MD, who received the 2018 Homer W. Smith Award from the American Society of Nephrology (ASN). In the 54-year history of this award, this is only the second time it goes to an MGHer!",0,0,0,True,
MassGeneralMDs,2018-05-09,15:00:49,"Proud of Herman Suit, MD, who received the Lifetime Achievement Award from the National Association for Proton Therapy for his radiation oncology work, including limb-preserving treatment for sarcoma patients and proton treatment for spine, sacral and skull base tumors.",4,0,0,True,
MassGeneralMDs,2018-05-09,11:01:57,#MGH nurses rock! Happy #nursesweek 2018. pic.twitter.com/ehq1gKB5Si,6,1,2,True,"#MGH,#nursesweek"
MassGeneralMDs,2018-05-09,06:00:55,"Renee Salas, MD @ReneeNSalas_MD and Jonathan Slutzman, MD @SlutzmanMD present Climate Change and Emergency Medicine: A Specialty on the Frontline May 9, 9:15 - 10:30 am at CleanMed 2018 @CleanMed #CleanMed  http://cleanmed.org/sessions/e-4/¬†",2,0,0,True,#CleanMed
MassGeneralMDs,2018-05-08,16:00:45,"So proud of Nancy Tarbell, MD, for receiving the 10th annual Margaret L. Kripke Legend Award from the M.D. Anderson Cancer Center in Houston with a presentation, ‚ÄúPerspectives on Faculty Development and Advancement of Women in Academic Medicine.‚Äù @MDAndersonNews",5,0,6,True,
MassGeneralMDs,2018-05-08,13:01:09,"Drs. Helen Shih, Dan Ellis, and Tim Ferris, left to right, discuss the upcoming MGPO committee elections, including choosing representatives for a new committee to reduce administrative burden. https://youtu.be/7jqfp0io12s¬†",0,0,0,True,
MassGeneralMDs,2018-05-08,09:01:18,"Jonathan Slutzman, MD @SlutzmanMD presents ‚ÄúThat‚Äôs a lot of Stitches! The Lowly Suture Kit is a Complex Example of Cradle-to-Grave Environmental Assessment‚Äù during the speed sessions on May 8 at 12:45 pm at CleanMed 2018 @CleanMed #CleanMed  http://cleanmed.org/speed-sessions/¬†",6,1,2,True,#CleanMed
MassGeneralMDs,2018-05-07,15:00:51,"Great work Stephanie Rutledge, MD, for receiving the 2018 Massachusetts Medical Society‚Äôs Information Technology Award for an app designed to improve clinical skills. @MassMedical",9,0,3,True,
MassGeneralMDs,2018-05-07,11:01:38,"Renee Salas, MD @ReneeNSalas_MD and Jonathan  Slutzman, MD @SlutzmanMD present Physician Leadership for a Sustainable Future  on May 7, 3:30 - 3:45 pm at CleanMed 2018 @CleanMed #CleanMed  http://cleanmed.org/sessions/a-9/¬†",0,0,0,True,#CleanMed
MassGeneralMDs,2018-05-07,07:00:38,Thanks to all the #MGH nurses who take care of our patients #nursesweek. pic.twitter.com/XuQGoYKXSb,8,0,2,True,"#MGH,#nursesweek"
MassGeneralMDs,2018-05-06,11:00:48,"Congrats Julie Ingelfinger, MD, who was recognized as the Physician Honoree by the National Kidney Foundation for her years of dedication to the care and treatment of people living with kidney disease. @ingelfinger",7,0,1,True,
MassGeneralMDs,2018-05-05,11:01:01,"Great work Alessio Fasano, MD, for being inducted as an honorary member of the Institute of Animal Science in the Chinese Academy of Agriculture Sciences and appointed as chief technical advisor to the ZhongDi Dairy Company, Ltd. to help alleviate rising food allergies rates.",4,0,1,True,
MassGeneralMDs,2018-05-04,11:01:39,"Very proud of Florian Eichler, MD, who received the Herbert Pardes Clinical Research in Excellence Award from the Clinical Research Forum for his study ‚ÄúGene Therapy Halts Progression of Cerebral ALD.‚Äù @CRForumUS",2,0,1,True,
MassGeneralMDs,2018-05-03,11:01:22,"Congrats Dan Duda, DMD, who received a 2018 Pilot Project Grant Award from the Neuroendocrine Tumor Research Foundation for the study, ""Biomarkers of response to cabozantinib in patients with neuroendocrine tumors.‚Äù @CureNETs",9,0,2,True,
MassGeneralMDs,2018-05-02,11:01:34,"So proud of Marya Cohen, MD, who received the Best Innovations Poster Abstract Award at the 2018 Society of General Internal Medicine New England Regional Meeting for ‚ÄúDevelopment of an Advanced Longitudinal Primary Care Elective in a Student-Faculty Practice Network.‚Äù",8,0,0,True,
MassGeneralMDs,2018-05-02,07:01:02,"Missed yesterday‚Äôs med take back? There‚Äôs still time to safely dispose of your meds at the Employee Medication Take Back Day, 8a ‚Äì 5p near Coffee Central. @MassGeneralNews #opioidcrisis pic.twitter.com/x3GIxzIANN",4,0,1,True,#opioidcrisis
MassGeneralMDs,2018-05-01,11:01:13,"Congrats to Emery Neal Brown, MD, who was selected as one of seven 2018 inductees to the Florida Inventors Hall of Fame for his work on the science and practice of anesthesiology, enabling physicians to accurately monitor and safely control the anesthetic state of patients.",3,0,2,True,
MassGeneralMDs,2018-05-01,07:01:03,"Today 8a-5p, MGH/MGPO Opioid Task Force hosts Employee Medication Take Back Day near Coffee Central. @MassGeneralNews #opioidcrisis pic.twitter.com/QypXTzMYlh",11,0,4,True,#opioidcrisis
MassGeneralMDs,2018-04-30,11:00:49,"So proud of Jodie Babitt, MD, and Murat Bastepe, MD, who were inducted into the American Society of Clinical Investigation, comprised of physician-scientists elected age 50 or younger for their outstanding records of scholarly achievement in biomedical research.",5,0,2,True,
MassGeneralMDs,2018-04-27,11:01:06,Coming May 1 and 2: MGH/MGPO Opioid Task Force hosts Employee Medication Take Back Day near Coffee Central. @MassGeneralNews #opioidcrisis pic.twitter.com/EuhHPmNKAD,2,0,0,True,#opioidcrisis
MassGeneralMDs,2018-04-26,00:00:12,Lauren Elson presenting on April 26 from 4 - 6:20 pm about modern dance as part of the Reaching the Full Spectrum of Sports Medicine session at American Medical Association for Sports Medicine April 24-29  http://ow.ly/4Se630jFxa7¬†,2,0,0,True,
MassGeneralMDs,2018-04-25,08:01:31,"Stuart Ablon, PhD, presenting on Hard Kids, New Ideas: Collaborative Problem Solving at ACRC Tuesday, April 25 from 10:30am @ThinkKids #NatCon18 #KidsDoWellIfTheyCan",0,0,0,True,"#NatCon18,#KidsDoWellIfTheyCan"
fstanfordmd,2018-04-24,21:58:58,Great time speaking @MassGeneralMDs about #women and #weight in #midlife. Thanks Mass General obstetrics and gynecology for bringing together a great group. @harvardmed @AWomensHealth @MGHMedicine @MGHDisparities @ACPinternists @AmerMedicalAssn @harvardcpl pic.twitter.com/MafAUEqOgB ‚Äì at Massachusetts General Hospital,26,0,6,True,"#women,#weight,#midlife"
MassGeneralMDs,2018-04-24,13:01:20,"Stuart Ablon, PhD, and Alisha Pollastri, PhD, presenting on Rethinking Challenging Kids, at ACRC Tuesday, April 24 from 3:30pm @ThinkKids #NatCon18 #KidsDoWellIfTheyCan",1,1,1,True,"#NatCon18,#KidsDoWellIfTheyCan"
MassGeneralMDs,2018-04-20,11:10:13,"62nd annual Association of Children's Residential Center's (ACRC) March 26-29, 2018 Boston, MA. Think:Kids, program in @MGHPsychAcademy  at ACRC to reach adults who are helping children w/ challenging behavior  http://ow.ly/KNil30j7ndI¬†@ThinkKids #ACRC2018 #CPSapproach",2,0,1,True,"#ACRC2018,#CPSapproach"
MassGeneralMDs,2018-04-18,11:01:51,"Stuart Ablon, PhD and Alisha Pollastri are speaking at the National Council for Behavioral Health, April 23- 25, 2018, Gaylord National Convention Center, MD @NationalCouncil @ThinkKids #NatCon18 #KidsDoWellIfTheyCan http://ow.ly/IqtT30j3ZZS¬†",4,0,1,True,"#NatCon18,#KidsDoWellIfTheyCan"
MassGeneralMDs,2018-04-16,11:15:13,"Congrats to Janey Wiggs, MD, received the 2018 Dr. David L. Epstein Award from the Association for Research in Vision & Ophthalmology Foundation. The annual award is given to honor Epstein, a globally recognized leader in the field of glaucoma who passed away in 2014. @ARVOinfo",7,0,2,True,
MassGeneralMDs,2018-04-16,09:15:28,"So proud of Utibe Essien, MD, who received the Mack Lipkin Sr. Award at the 2018 Society of General Internal Medicine National Meeting for his abstract ‚ÄúRace, Ethnicity, and Use of Non-Vitamin K Antagonist Anticoagulants in Patients with Atrial Fibrillation.‚Äù @UREssien #SGIM18",15,0,1,True,#SGIM18
MassGeneralMDs,2018-04-14,06:30:12,"@drsarahngray .@drsarahNgray panelist in Integrating Biofeedback Services Within an Academic Medical Center Focusing on Chronic Pain Management at 49th Annual Scientific Meeting of AAPB on Saturday, April 14, from 8-9 am. @AAPBiofeedback #2018AAPB  http://ow.ly/QYHX30j1KUB¬†",7,0,2,True,#2018AAPB
MassGeneralNews,2018-04-13,08:39:40,"Dr. Tim Ferris, CEO of @MassGeneralMDs: This isn‚Äôt about politics, it‚Äôs about innovation. @CAMTechMGH #GunViolence pic.twitter.com/dQR6uJ3WsT",16,0,7,True,#GunViolence
MassGeneralMDs,2018-04-10,11:15:15,"Congrats to Ryan Thompson, MD, who was awarded 1 of this years‚Äô Bowditch Prizes for his work with the Home Hospital Program on developing a program that keeps some patients from waiting in the ED and from being admitted by providing a higher level of home care services.",13,0,1,True,
MassGeneralMDs,2018-04-09,11:15:15,"@drsarahngray .@drsarahNgray speaking at Association for Applied Psychophysiology and Biofeedback (AAPB) 49th Annual Scientific Meeting, April 11-14, 2018  @AAPBiofeedback #2018AAPB  http://ow.ly/ycky30j1KEq¬†",6,0,1,True,#2018AAPB
rwliu,2018-04-07,08:06:03,@rwyeh Right? @MassGeneralMDs pic.twitter.com/o5hGEJwOhc,5,2,1,True,
MassGeneralMDs,2018-04-05,11:15:14,"Congrats to Nathaniel Sims, MD, who was awarded 1 of this years‚Äô Bowditch Prizes for his work on dose-error technology for infusion pumps. The award is presented by MGH Trustees to a person or team responsible for efforts that improve quality of care while reducing costs.",2,0,0,True,
MassGeneralMDs,2018-04-05,01:00:18,".@drdrtsai proposes the syndemics model for how epidemics interact, ex: how perfect storm epidemics become intertwined like HIV, HCB, and opioid overdose #syndemic #syndemics @GlobalHealthMGH @MGHGlobalPsych @MGHPsychiatry  http://ow.ly/t7c730ji7zK¬†",1,0,1,True,"#syndemic,#syndemics"
MassGeneralMDs,2018-04-04,11:15:17,"Congrats to Jeremy Ruskin, MD, who received the William Silen Lifetime Achievement Award from HMS. This is one of HMS‚Äôs Excellence in Mentoring Awards that recognizes the value of quality mentoring relationships. @harvardmed",5,0,1,True,
MassGeneralMDs,2018-04-03,16:03:14,"Congrats to O‚ÄôNeil Britton, MD, MGH chief medical officer, who was named on the 2018 GK 100 Most Influential People of Color list by @_GetKonnected",8,0,0,True,
JulieSilverMD,2018-04-03,14:08:32,"In this new report, we wrote about implementation science & #Altmetrics on #Twitter.  https://tinyurl.com/y8namnb2¬†Check out our strategy to disseminate #genderequity research & find solutions to disparities for #WomenInMedicine at #PWChat Apr 10 at 3pm ET#ILookLikeASurgeon#HeForShe pic.twitter.com/CINOfK88OO",132,4,77,True,"#Altmetrics,#Twitter,#genderequity,#WomenInMedicine,#PWChat,#ILookLikeASurgeon,#HeForShe"
MassGeneralMDs,2018-04-03,11:15:17,"Congrats Jason Roh, MD for receiving first place for the American College of Cardiology Young Investigator Awards in Basic and Translational Science. @ACCinTouch",13,0,2,True,
MassGeneralMDs,2018-04-03,09:55:53,".@drdrtsai proposes the syndemics model for how epidemics interact, ex: how perfect storm epidemics become intertwined like HIV, HCB, and opioid overdose #syndemic #syndemics @GlobalHealthMGH @MGHGlobalPsych @MGHPsychiatry  http://ow.ly/t7c730ji7zK¬†",0,0,1,True,"#syndemic,#syndemics"
JJheart_doc,2018-04-02,13:26:57,"There is nothing better than seeing young investigators spreading their wings.  Reading a new manuscript from our group, and dazzled by the writing of an internal medicine resident mentee... it makes a snowy Monday in April much more tolerable. @MGHMedicine @MGHHeartHealth",37,0,1,True,
MassGeneralMDs,2018-04-02,11:15:13,"Congrats to Umbereen Nehal, MD, recognized as 1 of 15 women on the annual LinkedIn Top Voices List. Nehal also named co-chair of PCORI Advisory Panel on Healthcare Delivery and Disparities Research. @usnehal @LinkedIn @PCORI  http://ow.ly/1FM030j4Z6F¬† http://ow.ly/Aysl30j4Z5e¬†",4,1,2,True,
MassGeneralMDs,2018-04-02,10:01:09,"62nd annual Association of Children's Residential Center's (ACRC) March 26-29, 2018 Boston, MA. Think:Kids, program in @MGHPsychAcademy at ACRC to reach adults who are helping children w/ challenging behavior  http://ow.ly/KNil30j7ndI¬†@ThinkKids #ACRC2018 #CPSapproach",3,0,0,True,"#ACRC2018,#CPSapproach"
MassGeneralMDs,2018-03-30,11:15:13,"Congrats to Brian Nahed, MD, who received the Young Mentor Award from HMS, which was established to recognize faculty who are in the early stages of their career, but who are still devoting time to mentor others. @BrianNahed @harvardmed",21,2,3,True,
MassGeneralMDs,2018-03-29,11:15:15,"Congrats to Theresa McLoud, MD, who received the Partners Special Award for Lifetime Contribution to Education at the eighth annual Partners Medical Education Awards Program on 2/26. @PartnersNews",10,0,5,True,
MassGeneralMDs,2018-03-28,11:15:14,"Congrats to Elena Hawryluk, MD, who was awarded the Dermatology Foundation‚Äôs Pediatric Dermatology Career Development Award. Her proposed research is titled ‚ÄúAtypical Pediatric Pigmented Lesions.‚Äù",5,0,4,True,
MassGeneralMDs,2018-03-27,11:01:25,"Congrats to Brian Edlow, MD, whose paper, ‚ÄúEarly Detection of Consciousness in Patients with Acute Severe TBI,‚Äù named one of the ‚ÄúBest of 2017‚Äù by Brain. @Brain1878 http://ow.ly/mqhU30j4YVl¬†",5,1,2,True,
MassGeneralMDs,2018-03-26,13:01:05,"Congrats to Thaddeus Dryja, MD, who has been named one of this year‚Äôs laureates of the Helen Keller Prize for Vision Research from BrightFocus. The prestigious annual award is given to an outstanding vision scientist or group of vision scientists. @_BrightFocus",6,1,3,True,
MGHLGBT,2018-03-26,09:34:46,The MGH is proud to celebrate National LGBT Health Awareness Week with different events this week - including lunch w/ our very own Chief Nurse @Debbie_BurkeRN! #MGHProud #OUTvisible #OUTclusive #LGBTHAW18 @MassGeneralNews @MassGeneralMDs pic.twitter.com/fxW5LDQpn0,43,0,24,True,"#MGHProud,#OUTvisible,#OUTclusive,#LGBTHAW18"
MassGeneralMDs,2018-03-23,11:01:16,"Congrats Sherri-Ann Burnett-Bowie, MD, & Dean Cestari, MD, who have received the A. Clifford Barger Award for Excellence in Mentoring from HMS. The award recognizes the value of quality mentoring relationships & their impact on prof development and career advancement. @harvardmed",23,0,5,True,
MassGeneralMDs,2018-03-22,11:01:15,"Congrats Christopher Bennett, MD for being elected to the Board of Directors of the Society for Academic Emergency Medicine, which is dedicated to the improvement of care of the acutely ill and injured patient by improving research and education in Emergency Medicine. @SAEMonline",13,1,4,True,
MassGeneralMDs,2018-03-22,10:06:00,The #opioidcrisis #opioidepidemic is every #provider‚Äôs responsibility! @JoshuaAHirsch provides #history #context & a clear description of the role #radiologists should play. #opioids #pain http://ow.ly/MFFq30j6c3r¬†,9,0,5,True,"#opioidcrisis,#opioidepidemic,#provider,#history,#context,#radiologists,#opioids,#pain"
MassGeneralMDs,2018-03-21,11:15:05,"Congrats Krishna Aragam, MD, and Michael Osborne, MD, who received American College of Cardiology/Merck Research Fellowships in Cardiovascular Disease and Cardiometabolic Disorders. The awards support the training of these MDs for their research in adult cardiology.",35,0,5,True,
MassGeneralMDs,2018-03-20,15:40:36,"@JJheart_doc Dr Guseh @gooscoid, Dr Januzzi @jjheart_doc & Dr. Lewandrowski talk about a faster test to detect heart attack and #troponin level changes. #MGH starts using the test 4/4 @MGHHeartHealth @MGHPathology. https://youtu.be/Bd2QJh6JiRE¬†",20,0,6,True,"#troponin,#MGH"
JulieSilverMD,2018-03-16,13:02:21,"Registration just opened for the Harvard Women's Leadership CME course. This course sells out, so sign up early! #WomenInMedicine ask your supervisor to sponsor you. #HeForShe sponsor a woman by using your influence to help her attend.#SheLeads2018 https://womensleadership.hmscme.com/¬†",326,12,150,True,"#WomenInMedicine,#HeForShe,#SheLeads2018"
MassGeneralMDs,2018-03-20,01:30:06,"@SocietyGIM Congrats @DrBenBearnot for work on targeting responses to the opioid epidemic, which received 2 awards:  best overall abstract from @ASAMorg and best oral abstract from @societyGIM. Other contributors: @translatedmed @medmapper  http://ow.ly/yYim30j1Kll¬†",17,0,4,True,
MassGeneralMDs,2018-03-19,11:00:32,"@SocietyGIM Congrats @DrBenBearnot for his work on targeting responses to the opioid epidemic, which received 2 awards: best oral abstract from @societyGIM and best overall abstract from @ASAMorg. Other contributors: @translatedmed @medmapper  http://ow.ly/yYim30j1Kll¬†",15,0,0,True,
MassGeneralMDs,2018-03-17,07:00:22,#MGH physician  @bethanyrose_d   presented 3/16 at American Academy of Hospice and Palliative Medicine Annual Assembly. #PallTech: Leveraging Digital Resources in Hospice and Palliative Care. More sessions today at  http://aahpm.org/assembly/sessions¬†‚Ä¶ #hpm18 #aahpm pic.twitter.com/4nt3hmtdye,3,0,1,True,"#MGH,#PallTech,#hpm18,#aahpm"
MassGeneralMDs,2018-03-17,01:00:08,#MGH physician  @bethanyrose_d   presented 3/16 at American Academy of Hospice and Palliative Medicine Annual Assembly this a.m. #PallTech: Leveraging Digital Resources in Hospice and Palliative Care. More sessions 3/17 at  http://aahpm.org/assembly/sessions¬†‚Ä¶ #hpm18 #aahpm pic.twitter.com/LzQWemT5pR,2,0,0,True,"#MGH,#PallTech,#hpm18,#aahpm"
MassGeneralMDs,2018-03-16,15:31:17,#MGH physician  @bethanyrose_d  presented today at American Academy of Hospice and Palliative Medicine Annual Assembly  this a.m. #PallTech: Leveraging Digital Resources in Hospice and Palliative Care. More sessions tomorrow at  http://aahpm.org/assembly/sessions¬†‚Ä¶ #hpm18 #aahpm pic.twitter.com/5B8gF3Zppl,2,0,1,True,"#MGH,#PallTech,#hpm18,#aahpm"
MGHHeartHealth,2018-03-15,13:43:21,Genetic clues reveal a key contributor to the process behind aortic aneurysm - an interview with #MGH investigator @MarkELindsay:  http://www.massgeneral.org/research/news/Articles/Lindsay-HTAD.aspx#.Wqq-VDpDBjc.twitter¬†‚Ä¶,12,0,12,True,#MGH
MGHPathology,2018-03-15,13:41:01,A recent CRISPR article by @statnews discusses how to limit off-target editing with CRISPR 'gone wild'. Read more to see how the Joung Lab at #mghpathology plays a role in this research  https://buff.ly/2FnbhXY¬† pic.twitter.com/XMWMEHfRpB,3,0,3,True,#mghpathology
MassGeneralMDs,2018-03-15,01:30:09,Dr Tim Ferris CEO of #MGH physicians stands with his colleagues on the hospital lawn and with health care workers and HS students from across the US against gun violence #NationalWalkoutDay. MGHers can join the MGH Gun Violence Prevention Coalition to learn more. pic.twitter.com/G6v9KCSmBe,12,0,2,True,"#MGH,#NationalWalkoutDay"
MassGeneralMDs,2018-03-14,19:00:19,Dr Tim Ferris CEO of #MGH physicians stands with his colleagues on the hospital lawn and with health care workers and HS students from across the US against gun violence #NationalWalkoutDay. MGHers can join the MGH Gun Violence Prevention Coalition to learn more. pic.twitter.com/dMkYba0nZ9,21,0,5,True,"#MGH,#NationalWalkoutDay"
Mario_Rodas,2018-03-14,15:04:19,"The @MassGeneralNews, colleagues and I are proud to join students & many over voices in solidarity standing against Gun Violence. #Enough pic.twitter.com/kHetP7Cng9 ‚Äì at Massachusetts General Hospital",34,0,7,True,#Enough
MassGeneralMDs,2018-03-14,14:48:03,Take a short survey to improve the #MGH website  (it should take less than 10 minutes). We appreciate your feedback.  https://genuine.optimalworkshop.com/treejack/68cjy4b7¬†‚Ä¶ pic.twitter.com/mVa4ar7dgo,2,0,3,True,#MGH
MassGeneralMDs,2018-03-14,13:36:30,Thanks @ChanaSacks for leading the way at #MGH https://twitter.com/ChanaSacks/status/973977798862925824¬†‚Ä¶,11,0,1,True,#MGH
MassGeneralMDs,2018-03-14,12:08:07,We stand with you @peter_masiakos and thank you for leading the way. https://twitter.com/peter_masiakos/status/973889755095191552¬†‚Ä¶,7,0,0,True,
MGHDiabetesEd,2018-03-14,11:29:01,It's sleep awareness week. Ray learns a few tricks for getting a good night's sleep: http://ow.ly/Onbc30iWE3a¬†,3,1,1,True,
MGH_BlumCenter,2018-03-14,11:49:57,"The #MGH community stands united against gun violence today, March 14 ‚Äì the one-month anniversary of the devastating shooting at Marjory Stoneman Douglas High School in Parkland, FL. pic.twitter.com/bVQJN7dNeW",23,0,11,True,#MGH
ScottVernaglia,2018-03-14,11:16:14,@mghfc residents #docs4gunsense #enough pic.twitter.com/UEC3eP6xuD,12,1,6,True,"#docs4gunsense,#enough"
MassGeneralMDs,2018-03-14,11:36:55,Dr Tim Ferris CEO of #MGH physicians stands with his colleagues on the hospital lawn and with health care workers and HS students from across the US against gun violence #NationalWalkoutDay. MGHers can join the MGH Gun Violence Prevention Coalition to learn more. pic.twitter.com/g1guN7zvP6,14,0,2,True,"#MGH,#NationalWalkoutDay"
MassGeneralMDs,2018-03-13,11:01:30,"Congrats to Jennifer Temel, MD, who received the 2017 John T. Potts, Jr., MD, Faculty Mentoring Award, which recognizes a senior faculty member who has demonstrated excellence in helping junior staff lead paths to success.",22,0,6,True,
MassGeneralMDs,2018-03-12,11:01:26,"Congrats to Jacob Holzer, MD, who received the HMS Program in Psychiatry and the Law Larry H. Strasburger, MD, Award for Outstanding Forensic Presentation. He received the award for ‚ÄúIndividual Anti-government Rhetoric, Violence, and Vulnerability: Lone Actor Violence‚Äù.",5,0,1,True,
MassGeneralMDs,2018-03-09,11:01:38,"Congrats to Ephraim Hochberg, MD, who was named the inaugural incumbent of the Ian K. and Isabelle P. Loring Endowed Chair in Lymphoma. He was selected for his compassion as a clinician, leadership and research achievements, and dedication as a teacher. @MGHCancerCenter",25,1,4,True,
MassGeneralMDs,2018-03-08,11:01:36,"Congrats to Namit Choksi, MD, who has been selected as part of the Schwarzman Scholars Class of 2019, a master‚Äôs program at Tsinghua University in Beijing, China with an acceptance rate of just over 3 percent.",3,0,1,True,
MassGeneralMDs,2018-03-07,11:30:31,"Terrence O'Malley, Embracing Longitudinal Person-Centered Care Plans, @HIMSS Las Vegas, March 7 11:30 am, Murano 3304.",1,0,0,True,
MassGeneralNews,2018-03-07,08:51:41,"@MassGeneralEM Becomes 1st Mass. ER To Offer Addiction Medication, Maps Seamless Path To Recovery:  http://wbur.fm/2I8etFm¬† via @WBUR",4,0,2,True,
MassGeneralMDs,2018-03-07,08:52:29,@Anticoag_news @AFib_Disease #MGH Dr @jasonwasfy & Dr @MoussaMansour10 discuss using anticoagulants for @AFib_disease patients to help prevent stroke @anticoag_news @StrokePrevent https://youtu.be/ifyurrguVUw¬†,3,0,3,True,#MGH
MassGeneralMDs,2018-03-06,11:01:38,"Research led by @RyanNipp and William Shipley, MD, was selected by the American Society of Clinical Oncology for inclusion in Clinical Cancer Advances 2018. http://ow.ly/xeya30iEzPD¬†",14,2,5,True,
MassGeneralMDs,2018-03-05,15:21:39,"A Painful Bruise Wouldn‚Äôt Heal. It Took Several Hospital Visits to Discover Why. @simmons_leighmd, @LisaSandersmd, @NYTmag https://nyti.ms/2EZDuEM¬†",0,0,0,True,
MassGeneralMDs,2018-03-05,10:01:17,"Terrence O'Malley, Bridging Gaps: Interfaces and Applications for Shared Decision-Making, @HIMSS Last Vegas, March 5 at 10:45 Murano 3301.",1,0,0,True,
MassGeneralMDs,2018-03-02,11:05:13,"Congrats to David Sykes, MD, Marc Wein, MD, who received 2018 Harrington Scholar-Innovator Awards by the Harrington Discovery Institute at University Hospitals in Cleveland. The awards support breakthrough discoveries in diverse research areas.",7,0,3,True,
MassGeneralMDs,2018-03-01,14:28:03,Thought provoking article in @NEJM by an MGH MD: Reduction in Firearm Injuries during NRA Annual Conventions | NEJM http://www.nejm.org/doi/full/10.1056/NEJMc1712773#.WphhXa0jbTI.twitter¬†‚Ä¶,1,0,1,True,
MassGeneralMDs,2018-03-01,11:01:17,"Congrats to Lee Kaplan, MD, director of the Obesity, Metabolism & Nutrition Institute, who was elected vice president of The Obesity Society, the leading professional society for scientists and clinicians working in the area of obesity and related diseases.",8,1,0,True,
MassGeneralMDs,2018-02-28,11:00:56,"Terrence O'Malley, MD speaking at @HIMSS Annual Conference in Las Vegas March 5-9 2018. http://www.himssconference.org/¬†",1,0,0,True,
MassGeneralMDs,2018-02-27,15:15:04,"Congrats to James Brink, MD, Chief of Radiology, @MGHImaging for receiving a 2018 Harold Amos Faculty Diversity Award, which recognizes HMS faculty who have made significant achievements in moving HMS toward being a diverse and inclusive community.",16,0,1,True,
MassGeneralMDs,2018-02-27,15:07:38,David Ting MD & John Herman MD in @MGHPsychiatry talk about ways #MGH MDs can get personalized help with Epic. https://youtu.be/phr03V1ay2M¬†,2,0,1,True,#MGH
MassGeneralMDs,2018-02-21,11:01:27,"Dr. Michael T. Watkins is the 1st African American staff attending physician in the Department of Surgery at MGH. In April 2002, he was appointed as the director of the Vascular Surgery Research Laboratory. #blackhistorymonth  http://ow.ly/Y2D330iqfLg¬†",15,0,7,True,#blackhistorymonth
MassGeneralMDs,2018-02-20,11:01:35,"In 1990, Dr. Winfred W. Williams became 1st African American attending physician in the Department of Medicine (DOM) at MGH. #blackhistorymonth http://ow.ly/NyDs30iqfEr¬†",26,0,9,True,#blackhistorymonth
MassGeneralMDs,2018-02-19,11:01:31,"Dr. Brown, MGH anesthesiologist, has many exceptional ""firsts"" as an African American physician & researcher at MGH. 1st African American to receive endowed Harvard Medical School professorship: Warren Zapol Professor of Anesthesia. #blackhistorymonth  http://ow.ly/s4j730iqfss¬†",8,0,3,True,#blackhistorymonth
MassGeneralMDs,2018-02-17,07:00:43,"Elena Hawryluk, MD, PhD, MGH dermatologist, at 2018 American Academy of Dermatology Annual Meeting participating in The Big C's: Children, Cancer, and Cutaneous Complications, today. @AADmember @MassGeneralNews #AAD18  http://ow.ly/95Fh30ilCY8¬†",2,0,0,True,#AAD18
MassGeneralMDs,2018-02-16,11:00:49,"Dr. William T. Curry, 1st African American attending physician in the Dept of Neurosurgery. In 2004 he completed residency in Neurosurgery at MGH & now dedicates himself to providing surgical care. #blackhistorymonth  http://ow.ly/Xc4l30iqePh¬†",5,0,1,True,#blackhistorymonth
MassGeneralMDs,2018-02-16,07:01:00,"Elena Hawryluk, MD, PhD, MGH dermatologist, at 2018 American Academy of Dermatology Annual Meeting participating in Acute & Inpatient Pediatric Dermatology and Lumps & Bumps in children today. @AADmember @MassGeneralNews #AAD18  http://ow.ly/95Fh30ilCY8¬†",2,0,2,True,#AAD18
GetWaivered,2018-02-15,10:36:48,The incredible @DrSarahWakeman educating MGH Emergency Department physicians on the importance of lowering the barriers to evidence based treatments for OUD. The ED can be a door to access treatment but it starts w ED physicians choosing to #getwaivered! pic.twitter.com/Y8O9Jj8PuB ‚Äì at Massachusetts General Hospital,21,0,8,True,#getwaivered
MassGeneralMDs,2018-02-15,11:00:24,"With more than 25 yrs of practicing in the Dept of Psychiatry, Dr. Chester M. Pierce was the first African American to hold a full professorship at Mass General, and he was the founding president of the Black Psychiatrists of America. #blackhistorymonth  http://ow.ly/ATdr30iqf3V¬†",5,0,2,True,#blackhistorymonth
MGH_SUDs,2018-02-13,11:34:06,Study: neurotransmitter glutamate may play a role in some addiction cravings. @IndianaUniv https://www.sciencedaily.com/releases/2018/02/180212150733.htm¬†‚Ä¶,7,0,3,True,
MassGeneralMDs,2018-02-12,08:50:47,"Elena Hawryluk, MD, PhD, MGH dermatologist, participating 3 panels at 2018 American Academy of Dermatology Annual Meeting, 2/16 Acute & Inpatient Pediatric Dermatology and Lumps & Bumps in children, and 2/17 The Big C's. @AADmember @MassGeneralNews #AAD18  http://ow.ly/95Fh30ilCY8¬†",7,0,0,True,#AAD18
MassGeneralMDs,2018-02-05,15:06:28,"For New England Patriots fans, the Super Bowl LVII loss was disappointing, but dedicated MGH clinicians provided excellent medical care to the team. Pictured: Dr. Peter Asnis, Dr. Mark Price, Dr. Dave Brown, Eric Driscoll, RN, an Orthopaedics fellows. A big thanks! pic.twitter.com/8GkWknMCok",13,2,5,True,
MassGeneralMDs,2018-02-05,12:30:11,"1 of the 8 new sharps disposal bins available in public restrooms at #MGH. Bins are also located in restrooms in the Yawkey, Wang, and Blake buildings. pic.twitter.com/cPUKkgVJ32",6,0,3,True,#MGH
MassGeneralMDs,2018-02-02,10:05:05,"Liz @EmortMort MD and David Hooper MD talk about the severe #flu season & encourage everyone to get a flu shot. There is still time to protect your patients, family & yourself. @MassGeneralNews @CDCFlu https://youtu.be/KSkQJgL94X4¬†",1,0,0,True,#flu
MassGeneralMDs,2018-01-31,15:01:31,Congratulations to the Mass General community on earning Magnet designation from the American Nurses Credentialing Center (ANCC) for the fourth consecutive time! @Debbie_BurkeRN @MassGeneralNews #mghpatientcare pic.twitter.com/qbwveLjQCq,43,1,16,True,#mghpatientcare
MassGeneralMDs,2018-01-31,10:14:16,Danita Sanborn MD & @ilennes MD talk about working to improve outpatient #ptexperience at #MGH by having MDs review their #CAHPS scores. @MassGeneralNews @MGHCancerCenter @MGHHeartHealth https://youtu.be/dwO92TUk6I0¬†,0,0,0,True,"#ptexperience,#MGH,#CAHPS"
GetWaivered,2018-01-29,16:50:52,"Our largest class yet! MGH Emergency Dept, residents and attendings alike, coming together to learn about opioid use disorder and getting their DEA X waivers to prescribe evidence based treatments for patients struggling with addiction. #getwaivered@MGH_SUDs @MassGeneralMDs pic.twitter.com/LKs8UTCSy7 ‚Äì at MGH Emergency Department",25,1,9,True,#getwaivered
PaganoniMDPhD,2018-01-26,11:49:33,#Pinnacle2018 congratulations for well deserved award @MeritCudkowicz extraordinary leader @MassGeneralMDs @MassGeneralNews @harvardmed #ALS #MND @NEALSConsortium @alsassociation @ALSKnights pic.twitter.com/vwdx27r1cW,19,0,9,True,"#Pinnacle2018,#ALS,#MND"
JoshuaAHirsch,2018-01-24,16:46:49,So proud of my #MGH colleague Dr. ‚ÄúBay‚Äù Leslie-Mazwi presenting the new @StrokeAHA_ASA @AHAScience for stroke at #ISC18. Dramatic changes presented by a #Phenomenal #physician & #friend #MGH @MassGeneralMDs @MassGeneralNews @mghneurosurg @MGHNeurology @MGHImaging pic.twitter.com/CZubOy6zPr,35,1,15,True,"#MGH,#ISC18,#Phenomenal,#physician,#friend,#MGH"
JoshuaAHirsch,2018-01-24,13:30:35,#Boom goes the dynamite! #BreakingNews ‚Äî Another critical study in support of mechanical thrombectomy 4 #ELVO #stroke presented #ISC18 @NEJM #DEFUSE3. #latewindow #PatientCare #patientsafety #leavenoELVObehind pic.twitter.com/cRhX48xKk0,74,2,39,True,"#Boom,#BreakingNews,#ELVO,#stroke,#ISC18,#DEFUSE3,#latewindow,#PatientCare,#patientsafety,#leavenoELVObehind"
MassGeneralMDs,2018-01-18,01:45:04,.@WMaciasK @MassGeneralEM @EMRES_MGHBWH  Evidence of targeted use of BMI in ED in reducing alcohol use in low or moderate drinkers and more. http://ow.ly/Znkp30hQq0k¬†,4,0,3,True,
MassGeneralMDs,2018-01-17,15:32:49,Evidence of targeted use of BMI in ED in reducing alcohol use in low or moderate drinkers and more. @WMaciasK @MassGeneralEM @EMRES_MGHBWH http://ow.ly/Znkp30hQq0k¬†,1,0,1,True,
MassGeneralMDs,2018-01-15,08:00:45,"At MGH we believe: Because of diversity we will excel. Through inclusion we will respect. Focused on equity we will serve, heal, educate and innovate. We agree with Tom Brokaw: You Can Find the Entire World Inside Your Hospital https://www.nytimes.com/2017/12/31/opinion/tom-brokaw-health-care-immigrants.html¬†‚Ä¶",18,0,9,True,
MassGeneralMDs,2018-01-13,01:00:09,"At MGH we believe: Because of diversity we will excel. Through inclusion we will respect. Focused on equity we will serve, heal, educate and innovate. We agree with Tom Brokaw: You Can Find the Entire World Inside Your Hospital  https://www.nytimes.com/2017/12/31/opinion/tom-brokaw-health-care-immigrants.html¬†‚Ä¶ @nytimes",37,1,18,True,
MassGeneralMDs,2018-01-12,15:06:38,"Because of diversity we will excel. Through inclusion we will respect. Focused on equity we will serve, heal, educate and innovate. We agree with Tom Brokaw: You Can Find the Entire World Inside Your Hospital http://ow.ly/qx7F30hKrtu¬†",15,0,5,True,
MassGeneralNews,2018-01-12,08:57:07,"8 years ago today Haiti suffered a devastating earthquake. Today we remember not only the loss and struggle, but the strength and hope of the Haitian people. pic.twitter.com/wRWNNKroZO",55,1,26,True,
MassGeneralMDs,2018-01-12,11:01:35,".@oneilbritton #MGH chief medical officer & @PBiddinger of @MGHDisasterMedicine talk about making sure patients get great, safe care during the #IVfluidshortage https://youtu.be/xWLyKowfF6Y¬†",5,1,4,True,"#MGH,#IVfluidshortage"
GetWaivered,2018-01-10,17:34:06,EM Residents of the HAEMR program and attendings alike in the MGH ED understanding the magnitude of the opioid epidemic and taking a stand to get the training they need to combat it. Inspiring group of trailblazers!#getwaivered@cleebennett @MiscSusan @EMRES_MGHBWH pic.twitter.com/3kW9SfYa5u ‚Äì at MGH Emergency Department,12,0,5,True,#getwaivered
DrSarahWakeman,2018-01-09,09:57:00,Thrilled to watch the launch of CareZone by @KraftCommHealth @MassGeneralNews @MassGeneralMDs @BHCHP @jessiegaeta and BPHC‚Äôs AHOPE @Boston_Mackin to provide mobile care for people with #addiction to address the #overdose crisis w/ support from @MassGovernor @MassAGO @marty_walsh pic.twitter.com/8Wb00MoYFA,29,1,9,True,"#addiction,#overdose"
JulieSilverMD,2017-12-05,12:43:31,"Physicians, psychologists etc have many opportunities to publish & advance their careers or just do something creative & fun. At the #HarvardWriters2018 #CME course we will bring publishing & healthcare professionals together for a terrific #MedEd  Link:  https://leadership.hmscme.com/¬† pic.twitter.com/OMAXOyRsCF",115,8,45,True,"#HarvardWriters2018,#CME,#MedEd"
DrSarahWakeman,2018-01-04,06:01:18,Shout out to MGH‚Äôs #getwaivered campaign to get EM docs waivered to prescribe lifesaving #opioid #addiction treatment in this great @drJoshS article @MassGeneralNews @MassGeneralEM @MassGeneralMDs @AliRaja_MD @GetWaivered https://newsatjama.jama.com/2018/01/03/jama-forum-a-new-years-wish-on-opioids/amp/?__twitter_impression=true¬†‚Ä¶,34,1,19,True,"#getwaivered,#opioid,#addiction"
MassGeneralMDs,2018-01-04,07:54:11,Cutting edge gene therapy at Massachusetts General Hospital enables a veteran climber with stage IV lung cancer to ascend Mera Peak in Nepal. @MGHCancerCenter http://ow.ly/K84A30hzVha¬†,5,0,2,True,
MassGeneralMDs,2018-01-04,07:39:58,Best quick summary of wise versus well intentioned but harmful interventions to address the opioid addiction and overdose crisis. Mass General is a national leader in confronting this issue! @MassGeneral @MassGeneralNews http://ow.ly/N6jo30hzUvY¬†,1,0,2,True,
MassGeneralMDs,2017-12-22,01:30:12,The #DAWN trial demonstrates that Endovascular treatment for #stroke caused by #LVO can be extended to late treatment windows. @JoshuaAHirsch @JNIS_BMJ http://ow.ly/eR5f30hng7e¬†,5,0,2,True,"#DAWN,#stroke,#LVO"
rgolds04,2017-12-18,11:06:40,We will not be censored. Clinicians @MGHMedicine believe in #ScienceNotSilence. #CDC7words @CDCgov #Entitlement #Diversity #Transgender #Vulnerable #Fetus #Sciencebased #Evidencebased pic.twitter.com/jBVJcDdYSn,767,13,399,True,"#ScienceNotSilence,#CDC7words,#Entitlement,#Diversity,#Transgender,#Vulnerable,#Fetus,#Sciencebased,#Evidencebased"
MassGeneralMDs,2017-12-15,14:45:04,".@jasonwasfy  spoke with @AliRaja_MD & @AlisterFMartin of @MassGeneralEM about @GetWaivered, a way for MDs to get medication therapy training to help patients w/ substance use disorder.  http://www.getwaivered.com¬†. @DrSarahWakman",4,0,3,True,
MGH_SUDs,2017-12-14,11:32:13,The #holidayseason can cause #stress for those in #recovery.  Some good advice from someone in the know @Peter_Grinspoon @HarvardHealth http://ow.ly/fblh30hee2k¬†,7,0,5,True,"#holidayseason,#stress,#recovery"
MassGeneralMDs,2017-12-14,15:10:06,".@jasonwasfy spoke to @AliRaja_MD & @AlisterFMartin of @MassGeneralEM about @GetWaivered, a way for MDs to get med therapy training to help patients w/ substance use disorder.  http://www.getwaivered.com¬†. @DrSarahWakman",5,0,5,True,
MassGeneralMDs,2017-12-13,16:04:35,"Great work Alister Martin, MD and the #GetWaivered Program to help more patients with substance use disorder. https://twitter.com/GetWaivered/status/941056561325191168¬†‚Ä¶",10,0,0,True,#GetWaivered
MassGeneralMDs,2017-12-04,09:54:04,"So proud! Congratulations Gus Vlahakes, MD, recipient, McGovern Award for Clinical Excellence @MGHSurgery @MassGeneralNews https://youtu.be/vo66gY-sGXg¬†",9,0,5,True,
MassGeneralMDs,2017-12-04,09:53:57,"Couldn't be happier! Congratulations to Ted Hong, MD, recipient, McGovern Award for Clinical Excellence @MGHCancerCenter #MGH @MassGeneralNews https://youtu.be/NSv312b9ByA¬†",8,0,4,True,#MGH
MassGeneralMDs,2017-12-04,09:53:45,"Amazing work! Congratulations to Annemarie Fogerty, MD, recipient, McGovern Award @ilennes @MGHMedicine @katrinarmstrong #MGH @MassGeneralNews https://youtu.be/fuzCygV8SHE¬†",2,0,4,True,#MGH
JulieSilverMD,2017-12-12,08:10:03,SAVE THE DATE for the 2018 Harvard Women's Leadership CME course: Nov 15-17 https://womensleadership.hmscme.com/¬†#SheLeads2018#SheLeads2017#WomenInMedicine#ILookLikeASurgeon#MedEd#CME pic.twitter.com/k4Jsg8XTLO,115,6,67,True,"#SheLeads2018,#SheLeads2017,#WomenInMedicine,#ILookLikeASurgeon,#MedEd,#CME"
MassGeneralMDs,2017-12-12,02:00:24,There were no significant differences in 30-day mortality between hospitalized Medicare patients treated by locum tenens vs. non-locum tenens hospitalists. @blumenthalDM1 @AnupamBJena  http://ow.ly/f3NB30h9luw¬†,6,0,5,True,
MassGeneralMDs,2017-12-12,01:45:03,"< 500 US cardiologists are dual-boarded in critical care, and deliver < 1% of critical care services in CCUs. Training programs needed to meet future cardiac critical care needs! @criticalecho @blumenthalDM1 @rwyeh  http://ow.ly/fWZt30h9pR3¬†",14,2,7,True,
MassGeneralMDs,2017-12-11,10:32:57,".@criticalecho @blumenthalDM1 @rwyeh < 500 US cardiologists are dual-boarded in critical care, and deliver < 1% of critical care services in CCUs. Training programs needed to meet future cardiac critical care needs!  http://ow.ly/fWZt30h9pR3¬†",7,0,3,True,
MassGeneralMDs,2017-12-11,09:59:39,.@blumenthalDM1 @AnupamBJena There were no significant differences in 30-day mortality between hospitalized Medicare patients treated by locum tenens vs. non-locum tenens hospitalists.  http://ow.ly/f3NB30h9luw¬†,4,0,2,True,
MassGeneralMDs,2017-12-11,02:00:29,Stroke care for emergent large vessel occlusions requires dedicated teams‚Äîthis is resource intensive. Can game theory help think through a potential pathway? @JoshuaAHirsch @MGHImaging  http://ow.ly/kMEk30h6EYD¬†,1,0,1,True,
MassGeneralMDs,2017-12-06,09:55:05,"Tim Ferris, MD, MGPO CEO, remembers working with Brian A. McGovern, MD, MGH cardiologist during the 2017 MGPO Physician Recognition Dinner. #MGH @MassGeneralNews https://youtu.be/YBQYtBW0Hf8¬†",2,0,1,True,#MGH
MassGeneralMDs,2017-12-06,09:27:10,"@bostonchamber We‚Äôre proud to announce our own Merit Cudkowicz, MD has won a @BostonChamber #Pinnacle2018 award. Celebrate with us on 1/26! @MGHNeurology  http://ow.ly/Slw830h1D6k¬† pic.twitter.com/dWs84nfr17",11,0,4,True,#Pinnacle2018
bostonchamber,2017-12-06,09:13:55,"Congratulations to the #Pinnacle2018 honorees! Liz Walker @RoxPresChurch, Alison Nolan @cruiseBHC, Karen Keenan @StateStreet, @MassLtGov, @LynnMargherio @c2cboston, Merit Cudkowicz @MGHNeurology, Liz Cheng @wgbh, Courtney Scrubbs @SanofiGenzyme, @mkdbt  http://bostonchamber.com/events-programs/events-calendar/2018-pinnacle-awards¬†‚Ä¶ pic.twitter.com/qRfFcnbeBN",5,0,7,True,#Pinnacle2018
MassGeneralMDs,2017-12-06,02:00:16,@RaniPolakMD New! summary of 900 student perspectives on an innovative #LifestyleMedicine curriculum which moves them away from a traditional shadowing learning to an active engagement in patient care! @ranipolakMD @ILMLifestyleMed http://bit.ly/2zxUTkb¬†,0,0,2,True,#LifestyleMedicine
MassGeneralMDs,2017-12-05,11:00:21,@RaniPolakMD .@ranipolakMD @ILMLifestyleMed New! summary of 900 student perspectives on an innovative #LifestyleMedicine curriculum which moves them away from a traditional shadowing learning to an active engagement in patient care! http://bit.ly/2zxUTkb¬†,19,2,10,True,#LifestyleMedicine
MassGeneralMDs,2017-12-05,01:45:07,@MGHImaging Comprehensive narrative review of the data regarding vertebroplasty and kyphoplasty @JoshuaAHirsch @mghimaging  http://ow.ly/N7jD30gZT7b¬†,6,0,3,True,
MassGeneralMDs,2017-12-04,09:54:04,"So proud! Congratulations Gus Vlahakes, MD, recipient, McGovern Award for Clinical Excellence @MGHSurgery @MassGeneralNews https://youtu.be/vo66gY-sGXg¬†",9,0,5,True,
MassGeneralMDs,2017-12-04,09:53:57,"Couldn't be happier! Congratulations to Ted Hong, MD, recipient, McGovern Award for Clinical Excellence @MGHCancerCenter #MGH @MassGeneralNews https://youtu.be/NSv312b9ByA¬†",8,0,4,True,#MGH
MassGeneralMDs,2017-12-04,09:53:45,"Amazing work! Congratulations to Annemarie Fogerty, MD, recipient, McGovern Award @ilennes @MGHMedicine @katrinarmstrong #MGH @MassGeneralNews https://youtu.be/fuzCygV8SHE¬†",2,0,4,True,#MGH
MassGeneralMDs,2017-12-04,09:04:13,@MGHImaging .@JoshuaAHirsch @mghimaging Comprehensive narrative review of the data regarding vertebroplasty and kyphoplasty  http://ow.ly/N7jD30gZT7b¬†,6,0,5,True,
MassGeneralMDs,2017-12-04,02:05:05,"Oxytocin is a promising new therapeutic under investigation as weight loss therapy for obese patients, Elizabeth Lawson, MD.  http://ow.ly/VQxS30gXyas¬†",0,0,0,True,
MassGeneralMDs,2017-12-01,15:53:22,"Oxytocin is a promising novel therapeutic under investigation as a weight loss therapy for obese individuals, Elizabeth Lawson, MD.  http://ow.ly/VQxS30gXyas¬†",0,0,0,True,
MassGeneralMDs,2017-12-01,15:48:57,@Harvard Life and death were inseparable for family and surgeons  http://news.harvard.edu/gazette/story/2017/12/life-and-death-were-inseparable-for-family-and-surgeons/¬†‚Ä¶ via @harvard,10,0,6,True,
MassGeneralMDs,2017-12-01,01:30:05,Peer review is critical to the dissemination of scientific and clinical material. Editors of JNIS provide helpful hints to journal reviewers. @JoshuaAHirsch @MGHImaging @JNIS_BMJ http://ow.ly/BbVP30gV1c3¬†,5,0,6,True,
MassGeneralMDs,2017-11-30,08:38:41,.@JoshuaAHirsch @MGHImaging @JNIS_BMJ Peer review is critical to the dissemination of scientific and clinical material. Editors of JNIS provide helpful hints to journal reviewers. http://ow.ly/BbVP30gV1c3¬†,5,0,3,True,
MassGeneralMDs,2017-11-29,01:30:13,Review of CMS master file suggests use of interventional techniques for pain has diminished at an average annual rate of .6% @JoshuaAHirsch @MGHImaging http://ow.ly/eni830gRSlq¬†,4,0,2,True,
MassGeneralMDs,2017-11-28,09:35:16,.@JoshuaAHirsch @MGHImaging Review of CMS master file suggests use of interventional techniques for pain has diminished at an average annual rate of .6% http://ow.ly/eni830gRSlq¬†,2,0,2,True,
MGHCancerCenter,2017-11-22,09:49:49,"Congrats to our own Annemarie Fogerty, MD, & Ted Hong, MD, for being two recipients of the 2017 McGovern Awards! They were selected out of 87 nominees. The McGovern Award was created to honor physicians who emulate his dedication, compassion, & kindness #MassgeneralMDparty pic.twitter.com/ozGPUkdJ6p",21,0,5,True,#MassgeneralMDparty
BensonHenry,2017-11-17,08:33:05,Proud to be part of this world-class hospital!! https://twitter.com/MassGeneralNews/status/931525657766580224¬†‚Ä¶,5,0,2,True,
MassGeneralMDs,2017-11-17,09:01:34,Congratulations Dr. Isaac Schiff @MassGeneral  OB/GYN @CGJuliePayette presents the #OrderofCanada at 10:30 am EST watch livestream   http://ow.ly/3VIX30gE5uV¬† @JeffEMD,9,0,3,True,#OrderofCanada
MassGeneralMDs,2017-11-11,18:30:02,"Tim Ferris, MD, Massachusetts General Physicians Organization CEO, speaking at the #MassGeneralMDParty pic.twitter.com/tuRDKt517x",3,0,1,True,#MassGeneralMDParty
JulieSilverMD,2017-11-11,07:59:24,@MassGeneralMDs @AcademicSurgery @DianeRadfordMD @DrLindaMD @DrSinhaEsq @TomVargheseJr @harvardmed #MeTooMedicine involves high stakes conversations. How do we best protect all healthcare professionals & patients-across gender spectrum-from inappropriate and/or predatory behavior? Tough questions w/no simple solutions but dialogue & training will help. #SHELeads2017 @LoggheMD,21,1,15,True,"#MeTooMedicine,#SHELeads2017"
JoshuaAHirsch,2017-11-11,08:48:03,#DAWN in @NEJM today! #standing ovation as @MGHImaging @MGHNeurology @MassGeneralMDs #Alumnus #Raul presents the data this AM #stroke üôèüëèüôèüëèüëçüôå pic.twitter.com/KpwYnK2CZp,13,0,10,True,"#DAWN,#standing,#Alumnus,#Raul,#stroke"
MassGeneralMDs,2017-11-09,09:59:26,"Congrats to Stephanie Sogg, PhD, named ASMBS Distinguished Behavioral Health Provider of the Year at the Obesity Week annual meeting. pic.twitter.com/AeGKxjgKu8",0,0,0,True,
MassGeneralMDs,2017-11-08,02:00:32,.@ArthurSiegel Can pre-race aspirin prevent sudden cardiac death during marathons? http://ow.ly/y0LX30gqpxX¬†,1,0,1,True,
MassGeneralMDs,2017-11-07,15:17:07,Can pre-race aspirin prevent sudden cardiac death during marathons? @ArthurSiegel http://ow.ly/y0LX30gqpxX¬†,0,0,0,True,
drcastelino,2017-11-06,14:15:20,.@ACRheum has crowned a new knowledge bowl champion! Congrats @MassGeneralMDs Ropes-A-Dopes! #ACR17 #proud pic.twitter.com/VbrE5rmHCf,25,0,5,True,"#ACR17,#proud"
ACRjoanr,2017-11-06,14:49:29,Congrats to @MassGeneralMDs  Ropes-A-Dopes! #ACR17 https://twitter.com/drcastelino/status/927630500285444099¬†‚Ä¶,4,0,2,True,#ACR17
MassGeneralMDs,2017-11-03,11:13:10,Interested in learning about health policy & working alongside great physicians? Apply to the Torchiana fellowship!  http://ow.ly/X63Z30gkTiU¬†,5,0,2,True,
MassGeneralMDs,2017-11-03,02:00:22,"Vertebral augmentation decline since 2009, correlate with an increase in mortality? @JoshuaAHirsch @MGHImaging  http://ow.ly/pKO130gjum2¬†",5,0,5,True,
JoshuaAHirsch,2017-11-01,07:41:50,Gr8 day 4 #stroke patients! Thank you Bay & others @MGHNeurology @mghneurosurg @MassGeneralMDs @SNISinfo @SurviveStroke. 1 pt at a time üôè https://twitter.com/SurviveStroke/status/925409403800563718¬†‚Ä¶,3,0,2,True,#stroke
MassGeneralMDs,2017-10-30,15:07:39,Congratulations to the physicians and staff with 50+ years of service at MGH https://youtu.be/y-sh9z9gxWs¬†,8,0,2,True,
rwliu,2017-10-29,11:31:06,Honored to advocate on behalf of our interventionalists everywhere.  @MassGeneralMDs @MGHImaging @SIRspecialists @MGHIR1 https://twitter.com/sirspecialists/status/924642018269200385¬†‚Ä¶,20,1,4,True,
OchsnerRads,2017-10-27,12:31:02,An honor to have guest lecturer @JoshuaAHirsch speaking to us on vertebral augmentation for #GrandRounds pic.twitter.com/Ah1ZOuH4mf,17,1,5,True,#GrandRounds
ManishKAghi,2017-10-21,17:03:10,"Thrilled to have directed @UCSF #pituitary course along with Sandeep Kunwar, featuring guest faculty Dr. Nachtigall from @MassGeneralMDs pic.twitter.com/vhq7YUWOfh",8,0,2,True,#pituitary
Jiveserickson,2017-09-30,10:06:12, pic.twitter.com/HPs7YOF3Ne,5,0,2,True,
Jiveserickson,2017-10-22,08:02:41,"Celebrating these wonderful nurse leaders during launch of Jiahui Health, Shanghai China pic.twitter.com/jLJOkoHiHY",9,0,4,True,
JulieSilverMD,2017-10-19,08:00:38,#SHELeads2017 Harvard Med #CME advice: Start with WHY then explain HOWüë©üèΩ‚Äç‚öïÔ∏èüë©‚Äç‚öïÔ∏è #WomenInMedicine #MedEd OPEN ACCESS:  http://tinyurl.com/ycdqfgev¬† pic.twitter.com/c2ZrErU9z5,117,3,98,True,"#SHELeads2017,#CME,#WomenInMedicine,#MedEd"
MassGeneralMDs,2017-10-19,14:18:06,#MGH uses customized video to help patients understand health/treatment plan @rachelclarkmd @ICherryBlsm @IshaniG  http://ow.ly/BSsM30fZWPo¬†,4,0,3,True,#MGH
WBUR,2017-10-19,09:00:02,MGH has a free app to help new mothers determine if they have postpartum depression: http://wbur.fm/2yT5nuC¬†,5,0,9,True,
MassGeneralMDs,2017-10-18,02:00:45,critical #MACRA success: understanding cost @JoshuaAHirsch @MGHImaging @NeimanHPI http://ow.ly/USjX30fWnoi¬†,4,0,1,True,#MACRA
MassGeneralMDs,2017-10-17,14:01:20,Understanding cost is critical to succeeding in #MACRA @JoshuaAHirsch @MGHImaging @NeimanHPI http://ow.ly/USjX30fWnoi¬†,6,0,1,True,#MACRA
JulieSilverMD,2017-10-15,05:17:13,@AOFDOgood Physician of the YearüèÜ Dr Zafonte well deserved honor!@MassGeneralNews @MassGeneralMDs @BrighamWomens @SpauldingRehab @harvardmed @rdz12135,5,0,4,True,
MassGeneralMDs,2017-10-13,22:05:05,On the day ether was first used @MassGeneral celebrates employees w/ 5 to 65 yrs of service. Our Ether Day dancers bring style to the event. pic.twitter.com/SV6DlfCKHx,3,0,0,True,
MassGeneralMDs,2017-10-13,16:00:50,"On the day ether was first used, @MassGeneral celebrates employees of 5 - 65 yrs of service. Ether Day dancers bring their own style to it. pic.twitter.com/YSFNjwS5cg",7,1,1,True,
DrSarahWakeman,2017-10-13,11:42:36,Excited to moderate a panel of rockstars @jessiegaeta @Boston_Mackin Dr. Walley Dr. Kane Dr. Kehoe @MassGeneralNews  https://hubweek.org/events/deep-dive-innovations-in-opioid-treatment-and-recovery/¬†‚Ä¶,19,1,3,True,
MassGeneralNews,2017-10-13,12:24:09,Happening now: Deep Dive: Innovations in Opioid Treatment + Recovery #hubweek pic.twitter.com/iTv2LMHvDx,11,0,6,True,#hubweek
MGHCCHI1,2017-10-13,13:22:21,@HUBweek Our #MGH Youth Programs & @RevereCARES peeps joining us @HUBWeek demo. Fusing art and recovery. Come on by & share your story. #endthestigma pic.twitter.com/icVPfij4S7,4,0,4,True,"#MGH,#endthestigma"
MassGeneralMDs,2017-10-13,13:49:09,On Ether Day @MassGeneral  we celebrate employees for 5 through 65 yrs of service. Ether Day dancers bring their own style to the event. pic.twitter.com/ec6kSHBCyW,0,0,0,True,
JulieSilverMD,2017-10-12,17:39:42,Do the portraits hanging in medical schools hurt women and minorities?  http://www.kevinmd.com/blog/2017/10/portraits-hanging-medical-schools-hurt-women-minorities.html¬†‚Ä¶ #WomenInMedicine #HeForShe #ILookLikeASurgeon,52,3,36,True,"#WomenInMedicine,#HeForShe,#ILookLikeASurgeon"
SpauldingRehab,2017-10-10,13:40:26,The role of teams in transforming complex care across the care continuum  https://buff.ly/2g8PIQi¬† #physiatry @chloe_slocum pic.twitter.com/eBnsCQ5ZvQ,17,0,9,True,#physiatry
nejmcatalyst,2017-10-10,10:16:24,Collaborative relationships across settings- critical to optimizing care but difficult to achieve:  https://buff.ly/2xwMB7v¬† via @chloe_slocum,8,1,8,True,
JulieSilverMD,2017-10-06,06:23:18,"Dear US Med Students: help us change your learning environ & make it anti-bias w/#WallsDoTalk. Sincerely, üë©üèΩ‚Äç‚öïÔ∏èMDs  https://1.shortstack.com/3Wd8b8¬† pic.twitter.com/OynPPzRmBM",25,0,19,True,#WallsDoTalk
JulieSilverMD,2017-10-05,11:15:15,@harvardmed The strategic initiative for the 2017 @HarvardMed women's leadership #CME course is #WallsDoTalk. Learn more at  http://www.SheLeadsHealthcare.com¬†. pic.twitter.com/0Xy3tNbKQH,46,3,31,True,"#CME,#WallsDoTalk"
MassGeneralMDs,2017-10-05,11:02:26,Exploring multi-year effort to repeal and replace the ACA @JoshuaAHirsch @MGHImaging @NeimanHPI http://ow.ly/ViLz30fDpxU¬†,4,0,2,True,
MassGeneralMDs,2017-10-04,09:15:15,Cost of care could be attributed to diagnostic radiologists under MACRA @JoshuaAHirsch @MGHImaging  http://ow.ly/7OnG30fCnl6¬†,6,0,3,True,
MassGeneralMDs,2017-09-29,02:00:24,Dr. Anne Thorndike & @CassSunstein:  healthy choice architecture policy for reducing unhealthy market purchases http://ow.ly/uASt30foX6J¬†,5,0,2,True,
JulieSilverMD,2017-09-07,12:07:50,@harvardmed Today I gave Grand Rounds at MGH @HarvardMed Dept of OB/GYN on #diversity #inclusion #altmetrics #strategy #innovation #WIMmonth #BornToLead pic.twitter.com/eboRGGWOjk,57,4,22,True,"#diversity,#inclusion,#altmetrics,#strategy,#innovation,#WIMmonth,#BornToLead"
ilennes,2017-09-28,11:06:38,Advocating for cancer patients on Capitol Hill with @BeverlyMoy and @tmulvs3 #ASCOAdvocacySummit @MGHCancerCenter @MassGeneralMDs pic.twitter.com/GzVkeQTANc,13,1,5,True,#ASCOAdvocacySummit
MassGeneralMDs,2017-09-28,11:20:06,New and informative vidscripts about ovarian cancer by @rachelclarkmd @MassGeneralNews #MGH #OvarianCancer  http://ow.ly/PVPp30fkyGL¬†,1,0,0,True,"#MGH,#OvarianCancer"
MassGeneralMDs,2017-09-28,09:01:12,Dr. Anne Thorndike & @CassSunstein  on healthy choice architecture policy to reduce unhealthy market purchases http://ow.ly/uASt30foX6J¬†,6,0,10,True,
MassGeneralMDs,2017-09-28,02:00:16,Recent article on #neurofeedback #biofeedback and #mindfulness for #TBI @drsarahngray http://ow.ly/gEWG30fmB4U¬†,1,0,0,True,"#neurofeedback,#biofeedback,#mindfulness,#TBI"
MassGeneralMDs,2017-09-27,11:02:50,Showing clinicians how practice patterns compare to colleagues leads to useful feedback #MGH #Populationhealth  http://ow.ly/a1eY30fhl0F¬†,1,0,1,True,"#MGH,#Populationhealth"
MassGeneralMDs,2017-09-27,09:05:09,Recent article on use of #neurofeedback #biofeedback and #mindfulness for #TBI @drsarahngray http://ow.ly/gEWG30fmB4U¬†,3,0,1,True,"#neurofeedback,#biofeedback,#mindfulness,#TBI"
MassGeneralMDs,2017-09-26,11:01:15,Better care to send patients from #MGH ED directly to nursing facility; no required hospital stay #Populationhealth  http://ow.ly/j0wd30fhkWy¬†,2,0,2,True,"#MGH,#Populationhealth"
MassGeneralMDs,2017-09-26,09:21:28,"Understanding high utilization of unscheduled care in pregnant women of low socioeconomics, Mehta et al @RoSpodcast  http://ow.ly/Y1Iz30fr2LO¬†",4,0,2,True,
MassGeneralMDs,2017-09-26,02:05:05,Sub-Saharan Africa: Simple way to improve health  http://goo.gl/jVbQga¬† Author:  http://goo.gl/trnVph¬† @sujaykakarmath @GlobalHealthMGH,1,0,1,True,
MassGeneralMDs,2017-09-25,11:01:21,#MGH #Populationhealth pilot suggests positive impact of comm health workers in Integrated Care Management Program  http://ow.ly/emP130fhkSA¬†,6,0,1,True,"#MGH,#Populationhealth"
MassGeneralMDs,2017-09-25,09:05:12,Simple way to improve health in sub-Saharan Africa  http://goo.gl/jVbQga¬† Author:  http://goo.gl/trnVph¬† @sujaykakarmath @GlobalHealthMGH,3,0,1,True,
MGH_MSUS,2017-09-19,07:32:49,"Dr Sandra Nelson: invited GR speaker from ID, ref from former #rheum fellow @limsianyik septic #arthritis & #gout @MassGeneralMDs #meded pic.twitter.com/qvY8XbD8qH",2,0,4,True,"#rheum,#arthritis,#gout,#meded"
MGH_MSUS,2017-09-19,07:41:20,#MGH #rheum GR Dr. Sandra Nelson: Location of least resistance for septic #arthritis; #joints @MassGeneralMDs #rheumedu #meded pic.twitter.com/cs4tkmMyst,4,0,6,True,"#MGH,#rheum,#arthritis,#joints,#rheumedu,#meded"
MassGeneralMDs,2017-09-22,11:00:34,Providing support services for very sick pts at #MGH improves care and reduces cost of care in ACO #Populationhealth  http://ow.ly/3pdG30fhkPA¬†,2,0,1,True,"#MGH,#Populationhealth"
MassGeneralMDs,2017-09-21,11:01:02,‚Ä¢Recovery coaches can help improve care for pts w/ substance use disorders #MGH #Populationhealth @DrSarahWakeman  http://ow.ly/sACx30fhkKe¬†,6,0,3,True,"#MGH,#Populationhealth"
MassGeneralMDs,2017-09-20,11:00:38,See results- pilot supporting PCPs in u  http://ow.ly/Gu4430fhkEt¬† nderserved areas manage patient SUDs #MGH #Populationhealth @DrSarahWakeman,5,0,2,True,"#MGH,#Populationhealth"
MassGeneralMDs,2017-09-20,02:00:33,Medical therapy reduces mitral valve fibrosis post heart attack @FondationLeducq @MGHMedicine @MGHHeartHealth  http://ow.ly/WKsF30ffuos¬† pic.twitter.com/82xGQNFnOQ,1,0,1,True,
MassGeneralMDs,2017-09-19,09:30:25,Medical therapy reduces mitral valve fibrosis after a heart attack @FondationLeducq @MGHMedicine @MGHHeartHealth  http://ow.ly/WKsF30ffuos¬† pic.twitter.com/Ftc4OfKzmk,1,0,0,True,
MassGeneralMDs,2017-09-18,11:02:00,Program helps #MGH physicians visit their patients admitted to the hospital #Populationhealth  http://ow.ly/YHca30eVW5T¬†,4,0,1,True,"#MGH,#Populationhealth"
MassGeneralMDs,2017-09-15,11:01:27,#MGH/@BCBSMA collab: decision support for spine surg can reduce admin burden @RaoStrobert @rachelclarkmd  http://ow.ly/AfdZ30eVWwL¬†,1,0,1,True,#MGH
McKGloverMD,2017-09-14,14:24:29,"Correlate clinically: For every 1 min radiologist spends on phone, report turnaround time increases by 4.25 mins. @RadiologyACR @JACRJournal pic.twitter.com/hgfP589ItX",87,8,59,True,
MassGeneralMDs,2017-09-14,11:00:53,Check out impact of telehealth cardiology eConsults at #MGH #Populationhealth @jasonwasfy @RaoStrobert  http://ow.ly/LDod30eVWtC¬†,1,0,1,True,"#MGH,#Populationhealth"
